open,high,low,volume,close
6976.1030327,7388.40362,6946.6297951,3.55898,7330.6369927
7327.6045224,7479.42,7253.4378964,1.829645,7330.0231982
7363.287571,7489.79504,7306.9032046,3.365345,7353.25811
7329.9575164,7787.8225,7252.115,10.250183,7740.114359
7771.1164245,8233.2705496,7682.115,29.517401,8158.7229
8200.589385,8434.5150132,7861.1573274,22.190158,8038.8087182
8006.538425,8017.641594,7745.98149,21.89694,7806.6153599
7840.371945,8179.962,7675.18476,3.934952,8173.935
8162.5425,8278.010252,7946.4100932,5.909842,8035.222767
8010.7858425,8183.2673724,7949.1480635,5.135573,8177.237937
8177.1644073,8196.355659,8053.1504838,3.153253,8134.0717848
8114.1555208,8882.7922854,8092.8013292,32.767173,8785.104984
8786.507175,8919.0989006,8567.4617859,17.353857,8786.9959285
8814.967999,8845.561624,8567.21623,10.94211,8735.5572124
8704.5102928,8998.4684252,8665.5842224,16.43333,8908.8866
8936.72025,9000.150988,8813.6085,14.642997,8925.518
8984.5275273,9216.6890204,8507.1055639,34.269219,8690.5828436
8710.7068352,8775.6589296,8031.12709,61.213957,8629.056119
8601.169185,8804.5679253,8366.155,57.244242,8747.5420926
8732.0644,8790.012,8562.0033711,7.234232,8640.77892
8619.8374223,8658.2763018,8211.7911182,16.972094,8311.149
8364.1383216,8523.8473541,8190.9900896,10.073295,8377.9707312
8400.6171816,8425.9734325,8237.8216896,6.49606,8349.1749984
8328.2784968,8620.4491802,8269.9096,5.839997,8591.3810664
8578.2664817,8982.343692,8543.2933288,10.041794,8875.5423102
8875.864527,9374.81259,8852.5366025,20.354689,9366.6641237
9387.786989,9467.28045,9204.4851572,18.264025,9289.7244051
9273.6886744,9570.663027,9136.4727119,28.927134,9482.7342
9507.2066264,9578.9473004,9146.3779176,13.871029,9331.3326306
9294.0728112,9486.567,9226.3253838,3.218111,9392.2925121
9330.6963952,9482.68361,9101.9259366,8.810074,9351.0128544
9316.7285241,9593.8465,9200.2411725,14.976716,9297.3276832
9300.0553044,9354.0176702,9043.999117,16.681366,9169.7953116
9191.5551492,9864.5152394,9093.0981503,28.317405,9612.3828072
9627.033312,9854.83157,9486.7595125,12.99766,9735.8818446
9755.5971078,9879.20596,9680.87979,10.074407,9791.05998
9809.1787737,9996.35,9668.3512,6.446713,9898.1739792
9939.0421062,10198.474,9887.57417,9.199912,10116.07896
10139.94432,10184.2620975,9680.6725,16.507298,9853.3398362
9830.6353134,10351.248,9670.9734002,27.669135,10221.81192
10286.1730088,10485.680716,10090.7670895,26.658223,10302.68078
10324.3992398,10543.27425,10001.1150252,41.074392,10221.1639584
10200.6164196,10411.7200992,10003.0342462,27.715841,10343.4081
10353.98592,10411.7200992,9771.7285,29.339565,9898.05684
9864.036,10079.0198208,9618.9322312,38.368317,9921.63375
9887.02107,9973.121547,9441.0063184,41.629615,9668.6810002
9684.8673999,10295.91,9529.118676,24.467001,10177.7526536
10171.7835205,10293.024,9358.9177947,24.794959,9607.077196
9636.722,9732.7462253,9418.743308,36.280594,9618.4338096
9587.5941325,9831.0872775,9540.593215,16.894076,9683.3238432
9624.0605475,9730.284861,9527.6865625,12.722981,9695.4394954
9612.4585775,10032.181526,9612.4585775,16.43576,9987.4625072
9977.540985,10040.313617,9447.0393963,24.535299,9647.7518606
9608.547487,9717.7522893,9187.3037912,31.358594,9325.5037968
9363.0698504,9392.0307129,8521.175,61.499685,8781.8301854
8766.2473125,9224.6424666,8532.63499,39.594291,8799.36
8813.7469536,8953.011,8377.515,43.599004,8707.39014
8710.6844496,8857.3795788,8497.976,19.577259,8556.3312
8522.45514,8765.0530345,8355.613,27.489221,8498.4877548
8497.56285,9030.1776096,8470.3451825,49.587265,8868.3488424
8868.109842,9032.47425,8598.8575,13.747165,8774.2965016
8797.2172452,8946.779658,8648.077074,26.874259,8815.3196754
8825.84597,9277.125,8794.3038572,39.92308,9140.8509516
9160.2417611,9304.33242,9004.022919,36.209884,9207.398466
9152.3764911,9323.04546,8860.2802775,28.906953,8977.670478
8895.4630646,8989.59453,7923.16705,58.571394,8024.4121608
8025.62116,8309.4040722,7493.73654,104.279573,7965.3551712
8001.7525279,8261.229458,7743.60132,43.893179,7925.559376
7922.584998,8094.0565695,7592.9171724,51.570204,8016.0483504
8010.3665092,8062.2243616,4422.04,378.40923,4859.2444899
4878.949295,6194.0229444,3717.974312,789.781768,5744.3739904
5778.831232,5820.7015147,5085.392,292.037034,5248.8737692
5273.2214755,6059.502,5137.1635016,142.600537,5384.129297
5359.56173,5499.7691049,4421.1492,276.579007,5090.4858
5112.6938082,5697.3118275,4902.3634296,243.326635,5428.8549216
5456.961048,5529.32724,4978.9795467,207.262644,5428.5161915
5431.7029996,6707.0464956,5193.545078,398.677803,6231.391544
6255.7764,7040.139169,5666.1070788,343.452843,6267.4936344
6245.1831432,6590.55519,5840.9908668,159.354587,6211.184823
6211.335876,6526.587304,5749.4960091,93.391967,5876.4756672
5874.88192,6691.8276,5730.5406236,211.276054,6520.1241924
6522.0696996,7033.5819428,6406.8767308,315.825511,6757.3422455
6767.3161152,7026.63,6467.7231936,125.801329,6740.9291565
6765.476036,6921.9351548,6519.479291,105.194477,6794.7145184
6798.6990042,6969.5037587,6289.55712,80.821613,6508.0437
6441.8592607,6768.3730248,6060.9445344,96.040194,6391.17396
6330.2013524,6400.9245749,5896.761024,118.225626,5997.1076
5999.69208,6792.5006556,5901.4906707,140.292507,6524.3525733
6563.326659,6892.32159,6430.8521646,86.666665,6551.8794
6551.3448,6817.80198,6187.3608056,87.496329,6741.0611184
6737.755668,7338.53985,6552.3623072,152.953611,6900.590179
6883.22628,7151.19445,6679.198,75.654781,6851.763818
6872.8829898,7072.749034,6765.3812,76.462795,6944.80452
6985.24824,7035.166035,6671.6138784,41.658656,6855.0616
6851.224,7417.9108972,6803.47512,150.930987,7358.214094
7362.24635,7561.6770438,7095.872,113.194772,7247.023874
7246.9573326,7467.9385,7171.75844,72.688825,7380.8754735
7380.7286226,7480.1863272,7155.126,86.455989,7393.9787064
7394.3847756,7422.6119319,6814.2672,139.148452,6985.8780494
6988.2618638,7070.7783498,6879.789,45.995013,6994.304
7005.62296,7337.5642164,6903.5188119,48.626791,7045.66842
7054.9521,7071.00513,6632.5105665,114.8988,6918.1845349
6918.3101,7056.0936,6806.982351,52.839861,6930.9569075
6929.5158,7015.7166816,6677.83315,85.264781,6709.2865752
6709.38778,7267.392,6537.187164,105.82119,7163.2948739
7166.808,7227.6550164,7027.865,46.967007,7078.6485
7069.0788,7400.282526,7038.6771,56.31279,7293.29139
7283.431512,7330.9287051,7087.8829671,27.299453,7209.7067955
7177.373088,7287.84672,6810.0949216,73.962068,6915.6998388
6888.3685052,7275.65661,6801.4152,64.298326,6924.5619614
6924.0516486,7277.0734119,6851.7229425,71.102934,7180.3870446
7184.1464136,7798.632264,7016.902476,85.183965,7507.790499
7515.82896,7710.6752,7414.523854,81.11983,7555.3132484
7523.64156,7758.32544,7452.872879,34.15,7609.4126
7575.528,7766.9782904,7503.5365,38.528172,7763.1054158
7765.780624,7887.1157108,7681.3698,70.155589,7812.921116
7812.2609842,7888.71825,7721.29728,69.819468,7831.7136456
7831.558077,9191.88508,7790.616,319.406259,8829.5306827
8828.27584,9643.0173408,8412.896967,341.382395,8709.5643
8722.0809884,9230.72649,8709.5510498,147.806908,8864.651328
8840.3005805,9059.359002,8748.22673,89.720903,8993.2467456
8977.9770787,9243.8391,8758.6146,154.88296,8961.7566792
8957.619858,9029.888032,8501.8602315,137.188116,8916.5599928
8915.0985132,9191.093238,8772.286148,135.016183,9093.50822
9095.5574814,9466.812,8948.977,158.793061,9175.5907948
9222.9495066,10072.7018376,9017.11125,272.109009,9986.61963
9986.89626,10174.3043556,9693.66376,168.134564,9829.6610009
9823.0401126,9962.1955785,9438.8792784,261.190504,9536.3223995
9531.4045464,9630.8021238,8112.3409224,297.044267,8765.1841387
8794.580337,9245.7219005,8270.6792278,224.543058,8623.4747808
8623.936965,9089.8930788,8558.061544,89.706566,8872.5219518
8883.112612,9534.4375,8852.0685633,131.620444,9380.246104
9398.20469,10001.376,9287.3065311,253.093058,9820.8964776
9819.2938055,9912.4735392,9113.03674,153.508578,9352.07455
9342.21925,9659.2390848,9225.609166,70.849518,9429.5848035
9416.9894235,9960.2730752,9354.451404,139.105449,9707.3019323
9727.86366,10057.789931,9537.283691,149.34937,9795.42414
9823.68,9960.81075,9560.22687,112.279273,9809.2323792
9806.2023775,9943.447968,9441.713895,173.905679,9645.88582
9620.3017736,9696.925293,8870.0846762,202.571521,9149.8907556
9143.8666752,9440.540243,8964.20925,171.262824,9256.6965764
9312.4398608,9459.386283,9198.726462,41.377637,9304.631791
9326.1546976,9450.872694,8828.075187,117.293707,8873.3783866
8862.9971,9131.048871,8776.9441812,211.438828,9032.9658384
9013.15162,9261.446976,8795.889815,105.772218,9001.8553723
9001.6494552,9406.04843,8896.3021316,107.106946,9332.867285
9338.107103,9679.8094288,9233.112,115.836762,9597.3212881
9603.8682772,9703.84701,9376.42284,73.399642,9524.4777432
9499.904818,9791.0582,9411.65865,76.067467,9699.8556942
9667.0728312,9733.994776,9415.035,43.451868,9485.5036311
9460.03856,10253.7075857,9450.9990015,102.170026,10071.52587
10071.4353801,10188.348804,9321.2451261,207.399133,9625.400532
9591.3318015,9793.24721,9484.3987452,78.798888,9722.9728736
9717.7616221,10036.67291,9616.3332,100.665474,9850.402068
9841.4246736,9961.0,9679.1762466,71.415724,9709.33546
9763.8352296,9902.452088,9631.8662951,60.832723,9763.2210302
9805.7641344,9954.79572,9530.8857693,71.987455,9802.794304
9788.142156,9892.37322,9718.90875,81.243953,9843.848777
9844.2696,9972.4958746,9648.982134,84.775958,9822.6001868
9807.832418,10051.8,9762.162816,104.890473,9932.3622576
9948.1371,10018.15045,9170.6711672,202.478145,9354.9059856
9358.5722517,9666.500628,9271.1495226,107.41446,9554.19485
9581.00745,9639.51,9379.90053,43.143069,9534.8950386
9572.9225928,9617.4638736,9277.0024998,28.859652,9390.3829152
9376.985184,9580.3080576,8925.306,168.428999,9484.8552639
9493.0631719,9707.157,9364.0798279,98.753353,9572.785
9558.4372992,9644.9906,9301.81,103.714619,9543.4749005
9541.5197401,9565.5682968,9346.4241633,100.590311,9464.96658
9440.622461,9536.078208,9275.1901,96.179539,9361.52052
9378.759495,9492.2873376,9241.8083502,41.696959,9400.457704
9432.399459,9532.4768,9319.9969184,35.669359,9334.955168
9341.23296,9784.7300382,9314.6287878,124.927147,9702.2337874
9710.3117088,9804.05554,9576.976992,89.797132,9655.6367315
9659.6919475,9732.0447498,9279.93,160.760519,9367.5302006
9342.575624,9410.4856899,9067.1670752,108.6917,9292.9639341
9290.192266,9375.6939314,9116.6879728,166.667886,9230.6826
9226.5909956,9306.78517,8933.7696,90.494898,9095.7236544
9087.513676,9267.0314122,9000.0675744,44.587023,9191.1629952
9198.7909632,9313.64629,9031.276555,86.514704,9227.6612559
9232.1495102,9268.434546,9098.383719,100.420222,9203.5956768
9171.0141696,9374.4606096,9110.04828,136.541199,9290.7483095
9294.8997544,9359.2459458,8989.9434,121.175581,9142.7917185
9139.5116974,9199.9330038,9085.052561,73.355468,9134.2023696
9103.8429202,9243.4774698,9076.4249193,36.147191,9182.6856
9185.552964,9203.0947596,8929.44087,76.62273,9123.473304
9125.572081,9417.89955,9090.774996,129.810339,9367.1728668
9378.7195584,9399.6437484,9238.3890649,109.420928,9302.4808786
9305.772644,9552.5397,9270.2391136,172.762045,9491.4537765
9487.3543002,9529.9613838,9193.4445,104.129333,9279.959592
9278.9944187,9385.3899,9162.1864038,118.738262,9336.1678011
9321.2195209,9376.7376,9193.565065,54.820401,9285.1943835
9279.1298279,9407.507625,9178.6523225,58.684541,9331.343854
9349.9225,9441.0760008,9214.3345,143.514757,9293.036983
9278.3286,9354.9193712,9128.0306,155.282558,9300.7016854
9302.304979,9361.414496,9185.78304,114.70806,9235.5686919
9237.6017292,9321.2111134,9062.083935,179.813673,9170.8999335
9169.7886974,9263.0343028,9079.9279742,121.733201,9200.6684117
9159.1141636,9267.8063257,9128.32871,49.902541,9220.4227554
9191.5815889,9273.97448,9117.9522476,64.315238,9255.7383577
9232.245008,9300.9239558,9137.5628,123.809383,9205.3112714
9204.52034,9578.2,9179.796952,175.228676,9441.3602727
9438.1614866,9625.323693,9309.0360724,150.801683,9576.54177
9570.1484193,9720.6763888,9475.82244,151.728955,9648.035775
9643.7178045,9699.6441229,9496.666,164.444308,9589.705912
9553.3603074,9786.4969679,9530.0317253,83.301473,9747.702992
9699.1520652,10142.547,9566.6402146,211.117106,9966.672608
9962.898261,11345.5845,9931.786893,518.684596,10982.6432784
10986.8113719,11295.7231011,10555.82724,400.682548,10944.00708
10960.709253,11381.3696,10886.3340576,268.3863,11190.3233
11160.3844854,11248.0295771,10839.432269,268.429657,11134.3130736
11134.5978324,11572.0667712,10920.73845,323.856901,11280.302323
11346.2342574,11979.300096,11103.750502,452.495248,11817.107007
11873.8631046,12189.728592,10596.1037683,389.43393,11080.289491
11097.184364,11586.109152,10905.023242,220.471289,11296.6325718
11300.6056475,11508.4122174,11064.3686444,266.517296,11238.4366542
11237.40317,11836.6134936,11162.723115,301.091565,11764.396665
11765.721033,12035.362,11575.187372,264.738225,11842.127584
11819.813868,11995.98945,11374.2193996,319.628883,11663.377944
11757.9212577,11959.7103457,11562.258778,136.292274,11819.496759
11909.0599002,11949.2413346,11563.140433,149.814525,11756.601327
11759.151208,12125.8328864,11589.39875,374.412086,11949.6011383
11950.4657052,12056.91264,11168.3612166,517.830293,11464.246035
11464.148388,11712.6132018,11226.0166952,293.687623,11616.952011
11611.7265936,11851.6358122,11287.0079238,298.111025,11762.7356288
11773.9838425,11939.278,11652.1013,298.583619,11831.0194992
11812.909325,12035.5506496,11719.25699,206.908489,11887.2277768
11856.950053,11978.2539656,11705.8847605,142.897895,11955.0518792
11960.562852,12532.019395,11795.2535232,471.1749,12346.909436
12347.0761278,12536.3471544,11833.7039584,434.301441,12007.1326212
12000.1351255,12077.6535258,11561.308803,399.640565,11806.442981
11814.5303157,11969.58395,11703.7342454,247.168742,11922.86986
11918.51596,11974.3507984,11494.7927999,266.915156,11581.1636232
11649.4509256,11845.0886122,11392.2852938,145.98517,11739.5694214
11801.0742792,11871.3260554,11543.9131838,107.03108,11715.6003558
11715.7872,11908.848,11639.6757836,203.693771,11819.8042976
11817.4342952,11891.4532585,11143.9529223,449.225164,11393.9634492
11376.142656,11621.5160765,11256.0507636,274.502835,11522.9259249
11517.7863001,11687.6658,11135.699328,347.779493,11377.4150952
11398.9096954,11630.1824067,11337.47489,211.021736,11589.5702784
11512.3091624,11663.068859,11393.3650152,92.031581,11539.8725376
11447.8859738,11775.1378784,11439.5346051,92.809781,11749.600336
11754.7070564,11877.4072668,11618.6000142,169.936314,11722.5232786
11715.0191328,12203.0298756,11568.7201658,353.4716,11951.8062164
11954.2329746,12007.922264,11207.1612,475.134563,11469.6875348
11462.4312,11561.1391258,10024.27173,619.313567,10230.9443964
10224.297321,10721.6110362,9897.13409,499.038902,10529.3874321
10537.3808057,10655.4377004,9837.6994495,497.178319,10222.771761
10226.1102027,10428.50006,10008.8994883,298.502451,10311.3859275
10312.822671,10494.7610034,9919.4708412,431.779979,10427.4755805
10431.612775,10503.1571796,9901.5995232,503.080845,10177.348267
10182.8782721,10430.66388,10018.7801352,238.610126,10281.6382515
10272.811868,10561.2289125,10268.3437029,239.700352,10385.6774802
10387.3748352,10481.7006918,10233.536128,192.180099,10453.7615372
10433.6824608,10556.1638,10302.9030128,116.902052,10492.1639998
10471.9530304,10654.304063,10235.4272,191.21465,10370.4180064
10369.458312,10832.476368,10295.035032,377.655753,10725.9842446
10727.9250858,11045.282468,10623.67308,404.317954,10843.6636044
10842.4326917,11211.4826346,10669.7743212,392.033403,11022.727212
11015.3284307,11172.0603876,10743.5614955,388.749117,10993.395023
11000.162376,11098.8818885,10832.7992,345.689514,10989.741174
10992.321648,11258.100905,10933.026245,199.506489,11124.468994
11125.021824,11156.252015,10800.218019,185.157352,10968.963729
10973.32384,11052.6914124,10331.2048491,463.227746,10463.57604
10466.5686,10685.2743075,10347.214581,425.040732,10574.683265
10578.3361768,10619.17185,10184.581838,359.701633,10277.630021
10293.30808,10818.6559,10216.414827,385.288802,10764.6146982
10773.58282,10859.2205022,10580.3050714,330.063995,10733.78057
10774.18953,10901.4387685,10671.902105,120.661981,10788.67417
10812.808955,10884.67065,10625.685549,129.763752,10793.74485
10815.362962,11007.232,10639.6148,345.06569,10731.3206336
10717.3582992,10905.837696,10624.7436616,361.235873,10879.0261242
10877.4420724,10893.958005,10674.115792,289.39188,10802.521763
10814.90172,10985.921184,10477.9377444,429.745074,10663.770521
10664.4703365,10741.208148,10412.0644488,376.488025,10620.296248
10645.1274744,10672.071168,10518.0643905,108.442459,10591.568616
10609.0842177,10763.5176,10551.0819162,100.131384,10689.116032
10683.8243904,10833.26673,10626.8826176,315.348111,10814.8316925
10817.9225828,10857.2864193,10558.8,365.17032,10643.9289054
10639.3807666,10738.29153,10579.7805069,235.633746,10708.980952
10709.282223,11005.673925,10559.61,322.903811,10949.02039
10950.19625,11171.161468,10864.4792887,386.543712,11093.048172
11029.2845936,11454.229974,11019.434017,255.369443,11287.03005
11218.3040886,11452.408,11202.7483177,171.343905,11398.738446
11366.4825704,11745.904688,11232.9736284,442.615892,11511.4643436
11510.8796244,11632.438531,11323.4255024,348.716721,11469.6630125
11481.874984,11600.061538,11297.52916,377.72011,11439.23164
11447.157825,11633.16732,11287.58445,412.838483,11539.031171
11538.4864277,11606.9135604,11234.4258,424.735075,11359.63968
11350.81632,11468.2966542,11287.072188,146.491347,11396.3921446
11386.8963694,11569.41969,11361.902094,146.376119,11538.3993564
11540.063,11840.9752,11429.3842635,484.929961,11780.01908
11779.81884,12068.14336,11672.4519747,622.632641,11944.197573
11948.299022,13282.5513158,11926.579767,1032.416078,12820.6111995
12817.1069208,13279.0611,12692.968622,804.199192,13013.1587484
13008.795092,13098.96,12705.3470349,536.605939,12964.97034
12919.998945,13189.905225,12836.0991166,346.026606,13147.409196
13101.987907,13362.968115,12864.8002181,269.36412,13080.761616
13085.113272,13325.0601861,12813.4877584,608.481425,13105.1536888
13106.275426,13890.0851984,13055.740928,869.657745,13687.1320575
13684.3574799,13886.264,12902.57969,967.024469,13309.6260474
13303.167143,13797.2114976,12952.57485,628.432115,13489.307
13489.42255,13775.8557613,13133.09772,719.296465,13573.8554532
13609.6074095,14154.7941781,13435.20228,529.985065,13826.8859225
13851.5181097,13983.946511,13653.0216,320.615698,13799.0405756
13790.925258,13870.64,13204.3998192,691.919184,13599.012
13594.4972288,14073.4609236,13312.770872,632.800354,13980.8211157
13985.438312,14336.289343,13453.1218792,863.635261,14166.0231588
14170.7953152,15764.105459,14102.3711781,1941.739071,15584.7048852
15575.634342,16020.435134,14940.2361864,1428.297262,15563.3945532
15500.763936,15696.12,14198.3755156,1140.577199,14776.3905744
14727.03606,15695.121156,14581.307874,779.543525,15399.067866
15404.475625,15925.5635226,14836.639401,1252.609389,15312.9805076
15313.748625,15531.3273066,15074.4098034,917.631341,15344.8624588
15341.9208192,16085.37238,15223.5892055,1130.038831,15738.9599513
15732.763195,16424.671208,15497.0964562,1586.871064,16366.2903943
16368.8243406,16560.6625,15987.645,1077.724454,16383.4272
16346.90097,16390.794375,15731.84268,738.650919,16131.27069
16103.1112,16214.4037875,15797.421522,475.270768,16001.72478
15999.568,16950.1189,15880.617542,1276.025333,16760.3249394
16765.540811,17958.7506,16574.5595246,1949.523847,17704.30737
17703.0445086,18513.8005806,17196.88909,2463.791493,17824.154562
17828.2914412,18283.75662,17388.3288888,1485.314269,17874.4851936
17877.0384375,18904.2078744,17763.0001,1536.329646,18692.551368
18724.6638555,19036.2314268,18426.5945,1436.854169,18680.16352
18716.316785,18785.9419776,17573.1884018,1534.983097,18440.7402032
18436.77745,18869.4659277,17913.8042,1534.224438,18426.8795796
18425.4789114,19572.6058935,18111.222,2236.006823,19226.1133485
19217.712696,19603.1097043,18509.6000562,1642.699023,18802.5104983
18797.8842128,19012.9577295,16235.1117234,4553.853877,17231.3904026
17239.242314,17603.5700559,16491.8755925,2096.473359,17206.463774
17135.4027949,17977.070001,16873.2251875,1311.165951,17819.899058
17742.6441997,18406.1624718,17527.8519075,1114.067339,18244.286894
18244.89093,19840.25457,18184.3428626,2603.759247,19615.3062416
19615.1417499,20151.1574666,18152.97081,3439.334924,18852.3895668
18843.0739619,19509.379254,18354.2414826,2171.115668,19229.3300201
19229.329022,19671.475188,18914.976292,1425.973121,19476.776993
19480.6264754,19616.3572475,18637.1704056,1754.865638,18714.4932564
18754.5987542,19332.8650475,18556.4189252,761.136195,19221.8831748
19263.879667,19523.869135,18922.4164118,705.618126,19374.9436188
19378.460871,19502.5789,18913.155024,1128.030943,19210.237992
19222.4939222,19382.329838,18240.0744775,1921.317988,18377.1885948
18370.4838912,18804.2935575,17579.7516776,2544.423406,18608.5994808
18610.526799,18740.630223,17860.7754891,1610.369728,18298.41808
18296.608744,18381.163468,17629.893347,2029.324008,18086.4175492
18126.236152,19060.673789,18067.991392,1134.56237,18867.3209725
18903.0817784,19508.2357,18764.7234445,1217.282192,19149.3996694
19139.279742,19421.996,18988.788456,1174.065259,19302.648572
19304.8122858,19623.5316333,19055.3025247,1718.866178,19473.107343
19473.304077,21587.0598827,19293.337869,3753.587549,21395.5632878
21394.14785,23931.96,21272.79338,6709.177706,22822.5854766
22825.427706,23351.3700864,22378.142024,2492.490006,23165.79807
23187.120201,24175.446,22762.65845,2376.977391,23874.28413
23897.661642,24302.5082172,23092.99146,2359.331544,23603.215785
23597.695056,24244.1184441,21957.790344,3037.336598,22791.8000505
22797.72571,24003.8266131,22347.9962472,2610.005758,23796.973147
23797.1696982,24230.112302,22677.96201,3140.726075,23291.8597616
23292.2542415,23928.8338863,22728.0089566,2021.816316,23794.6560852
23799.4411139,24807.19952,23449.314825,2485.273713,24714.4374744
24722.8062831,26814.36059,24465.0315,3130.491095,26406.720504
26419.952244,28388.83,25485.675,5147.633134,26046.524196
26040.7493592,27563.4,25846.2894216,2640.324174,27081.6847296
27080.0270904,27446.8220067,25881.384,2759.915295,27348.144551
27352.3943448,28968.2011806,27344.445912,3619.630358,28839.727938
28839.3713088,29394.5468535,27861.6226,3198.749866,28965.832595
28963.4022646,29557.638,28703.65138,1912.141965,29405.9815214
29404.5158654,32974.7940864,28091.74,5642.027395,31665.1192522
31665.131466,34198.9077861,31005.708404,5685.874082,31988.4673934
32002.0124976,32801.4273162,28091.74,6459.855173,31899.652092
31897.307736,34455.96,29927.5004466,6178.200388,34004.624888
34006.7530302,37006.6228455,33272.4883552,6170.372239,36745.8835301
36739.5106752,40601.0605,36206.434131,7055.209788,39311.9788831
39305.9550723,42136.864,36355.0445048,7492.357132,40366.6652781
40535.7581601,41376.6682912,38608.5122813,3645.812168,39298.7473353
39464.7450246,40499.3124448,33433.1875656,5667.11061,37705.2650802
37698.167938,37861.082944,30318.6177,14868.221449,35435.4990608
35438.1479256,36873.294,32509.4902,6937.078161,34105.017721
34107.1166,38042.9695386,32316.1476,5398.036239,37396.0673792
37395.4447416,40222.8740448,36726.91075,4593.710438,39132.66
39128.796,39710.5625,34277.8276483,6092.011888,36768.0342753
37002.1945446,38263.5533875,35395.516617,3115.7798,36035.6553656
36264.191427,36999.8818,33933.0771784,2865.346913,35789.6655028
35790.6194199,37560.757245,34800.5874008,2878.163432,36609.5083536
36611.32755,37925.1915,35818.824992,3494.77656,36017.6624834
35988.6086094,36550.8562304,33462.482661,4490.520815,35486.6090642
35485.4514743,35815.4899388,29965.504191,7347.469957,30878.364132
30846.2703079,33999.5248704,28781.793696,6739.297852,32989.416691
32966.9309474,33568.2446328,31458.0863832,3051.518449,32135.128553
32103.4787267,33049.723428,30986.58,2363.992003,32310.349984
32314.497593,35038.6103682,31977.371088,3807.640056,32337.0922248
32338.7617536,33002.232208,30806.8199484,3814.696062,32504.0085351
32501.7107688,32611.6077768,29276.83215,5046.045576,30466.4929068
30461.7125467,33877.2595728,29923.2053718,3757.012857,33449.9422881
33447.9684888,38606.981916,31966.223091,10650.75537,34291.1000964
34283.0078904,34984.992312,32810.7215535,3870.792337,34332.2660868
34290.8995728,34442.8104,32215.442358,2712.510985,33207.5316156
33207.038329,34856.61354,32213.632,3410.123314,33530.6758675
33531.7639789,36258.6615824,33294.7978892,3515.434666,35522.418834
35522.7138217,37757.6990234,35297.8579278,3939.110664,37670.74534
37678.072128,38898.89,36146.678754,4402.719574,37003.4215988
37010.0428522,38512.26995,36610.5208716,3252.956557,38385.123577
38136.7828094,41108.575,38007.996,4523.042143,39298.7176
39030.9094208,39836.03475,37151.5850134,4133.123639,38914.292997
38937.5661052,46997.07,38034.25314,7313.4443,46499.441814
46498.1046525,48485.18784,44923.422312,6203.339463,46576.5363
46564.4140784,47552.3609116,43676.279043,5071.044061,44928.7405776
44929.4821228,48780.2425,44131.0682736,4703.312283,48063.9131097
48077.3887139,49025.4,46277.7472512,3754.010309,47427.0782636
47501.5148517,48292.773645,46369.1808,2657.100532,47360.2006773
47409.4458747,49932.95238,47075.6161152,3032.682804,48764.3149294
48762.141709,49235.5841676,46081.95,4013.821285,48044.291061
48030.2609622,50810.9847735,47062.0341,4379.281217,49288.796854
49276.4963613,52999.373522,48744.246291,4519.489738,52213.8346632
52208.641452,52821.9439454,50947.1181,3187.704306,51743.848134
51743.848134,56571.582767,50935.592444,4546.883612,55969.062344
55852.6526072,57686.375,53595.10992,3579.925443,55974.441848
55858.0330132,58537.6923055,55467.0603168,2627.629503,57463.062072
57466.3819914,57808.337748,47253.1268651,8693.808427,54243.8313946
54228.26838,54433.0008811,44900.98,12931.138522,48992.8737294
48994.8900464,51864.100253,46916.2356468,5402.421535,49824.5563606
49823.7677336,52131.5456,46824.79044,4316.691868,47279.3720295
47281.2618096,48836.1634108,44000.6408186,5700.31043,46481.0946432
46871.8213572,48918.795977,45260.16206,2719.763835,46386.6558336
46755.5095476,47292.096786,43183.034,4048.58253,45169.3318528
45185.700217,50098.968,44849.8619712,3810.1587,49705.29444
49703.9974626,50471.55795,46804.3857,3268.802171,48666.5616813
48629.7875266,52872.9676577,48130.2665228,3515.848831,50553.1927152
50566.70738,51937.3734516,47594.40813,4041.079798,48482.4849432
48497.7844638,49763.5345914,46278.6499749,3613.558646,48789.8933409
49035.717633,49533.9220824,47088.0841863,1891.610755,48887.1094365
49133.4355365,51685.2966679,48827.1700855,2317.339681,50924.2057974
50932.555634,52704.81418,49272.704,2959.270335,52324.601088
52314.883864,55035.4816284,51738.9932295,3154.578102,54952.6699488
54943.9942656,57468.31318,53133.979386,4327.459534,55986.939604
55984.592832,58187.47,54285.3168764,3870.475477,57811.9564002
57815.3335768,58114.3856235,55064.1840204,3797.854121,57128.6958064
57281.667918,61124.5661,55949.13723,3394.644652,60064.2836532
60225.1037172,60953.6460555,58627.2092539,2159.712496,58832.4800476
58850.515012,60376.0375,54802.9830111,5463.431724,55768.206965
55771.0362972,57182.6584081,53280.2750859,4041.534976,56917.50636
56924.6589696,58969.644,54205.82648,3811.206464,58867.6709978
58864.7226512,60395.762196,57072.5394862,3483.111068,57749.448528
57747.9943215,59626.314,56282.286,2532.651338,58168.574592
58210.8379398,60011.88556,57824.70561,2119.896004,58215.273984
58240.2637908,58851.4464736,55820.4031639,2220.428517,57586.742784
57591.218688,58669.626275,53665.96,3536.423914,54302.2419984
54288.5922744,56347.8174828,52783.5748968,3180.736502,54454.6762385
54449.8238284,57401.6064,51985.8420552,4000.280942,52469.199637
52455.4076505,53518.9143798,50294.1313999,4420.247392,51360.2560947
51353.5455048,55221.6400047,51282.6351524,2785.738111,55132.342388
54996.8149166,56547.387,53897.5867804,2013.168441,55844.0024896
55723.1341468,56587.2653034,54568.1167672,2082.865576,55851.9862152
55849.50624,58414.5026,54842.7902575,3089.303077,57532.4228877
57564.5970671,59469.037572,56811.441092,2759.419244,58758.8427328
58768.7989698,59974.98,56908.3592,3713.653204,58695.5662062
58696.5789579,59678.17502,57796.8100834,2550.979334,58785.0362407
58788.12405,59986.7948721,58425.1528464,2109.630537,58950.154262
59020.315275,59681.95545,57182.7571908,2126.046231,57379.896108
57448.1997,58837.5326886,56750.98584,1609.655164,58312.790389
58174.41451,59309.801859,56945.102,2053.16536,59074.8598105
59069.847375,59656.8732312,57351.31473,2848.554283,58146.9811433
58141.558251,59004.47256,55619.7572233,4368.289712,56216.0910718
56216.6726136,58337.8796,55955.3521968,2623.743809,58158.1218504
58165.1103088,59070.6992354,57647.1202146,2067.302452,58279.0982592
58348.1470026,60762.70975,57885.6370575,3017.919078,59696.2336224
59784.0711761,60355.8290566,58943.8857,1885.481822,59973.4151552
59948.233489,61360.2680648,59338.69305,3002.212124,59801.1086736
59810.145714,63854.3457057,59586.0044094,4080.575544,63546.9272721
63558.4589256,65087.7580194,61429.2949,4526.906752,63055.222434
63052.81868,64050.098717,62126.3640606,2709.838848,63244.228404
63259.2847435,63806.1346884,59986.7417854,3901.235126,61529.3860929
61449.7245633,62760.5839568,60061.32548,2162.610072,60623.7758412
60537.7772585,61015.7843644,53558.7411068,5801.60573,56600.550864
56586.480768,58089.9382462,54249.2250993,3605.572067,55799.571195
55546.467132,57281.3059185,52966.2208383,3700.874663,56591.0498646
56588.6990741,57083.0707404,53699.6985,3291.939442,53899.9357595
53903.0711694,55469.2957353,50273.715,5511.029352,51846.527265
51851.8779904,52381.3875876,47183.6092,7056.730473,50975.355645
50967.1723968,51366.2787,48742.291006,2243.960229,50373.9267135
50035.8544785,50911.9479,46850.7,2423.354912,49241.7185065
48929.3414709,54531.6629,48628.611987,3973.128426,54188.9208835
54181.885036,55701.267384,53370.3675,2309.615135,55119.8043966
55109.8228182,56302.154052,53873.2916526,2510.476191,54747.9545697
54729.5551758,55287.5012703,52145.6073525,2511.498971,53665.1328004
53659.3622048,58543.62075,53059.4064594,2913.968767,58187.0149266
58175.0652925,58995.8241138,56975.927821,1761.900023,57727.677665
58232.925985,58350.4828416,56159.6281664,1519.675319,56647.421964
57135.23361,59480.973,56373.9682606,3389.644033,57068.579743
57085.84076,57373.482771,53204.351674,4732.233557,53553.7341526
53548.2497732,58299.9775886,52984.164285,3660.055963,57405.41
57409.7639979,58327.0415532,55135.6,3812.920418,56196.0414288
56196.9648849,58318.503867,55077.57168,3602.868152,57034.6410158
57038.083704,59762.065,56606.083263,3196.037402,59019.50425
58535.087856,59448.4176165,56065.9084437,2907.967106,58336.482575
57864.8888496,59686.7842725,53382.2941,4880.312459,56243.2555125
56240.894706,57210.9011042,54664.8962393,3478.964454,56803.3880933
56792.9414283,58330.5721009,49170.8935377,5370.216823,50174.5926656
50148.547536,51930.4337392,46967.1819712,9038.002537,49798.3774468
49811.9489635,51477.0499638,48774.0163324,3822.84758,49744.7102148
49746.652488,50787.2134893,46425.6832847,3910.327735,46915.5011116
46670.2059456,49907.1490674,43135.3128664,6249.598343,46539.3309293
46271.6943696,46729.2621566,41329.1078867,8846.018281,43579.9465574
43590.352552,45881.38915,42138.545,6141.770327,42776.9281724
42787.2061652,43968.7192268,28848.8995333,21674.745652,37013.963595
37060.7009598,43109.8296665,34721.09292,13575.742323,40616.0970747
40602.9093008,42374.3084093,33705.6932907,14214.714827,37600.1481648
37591.0882995,39224.2405779,35378.8307852,7428.348573,37623.99189
37781.1376344,38601.2663876,31181.8244945,12288.744768,34796.430782
34949.9271642,40208.0715,34473.2085622,9791.421342,38870.629394
38870.641572,39992.1,36273.156,7433.611878,38317.8901518
38312.2439586,40996.2836904,37745.3999757,6530.813418,39541.4508594
39535.9999209,40676.554945,37296.642658,4671.368577,38550.005432
38555.7031512,38966.7553248,34740.7209881,8752.334773,35786.9836005
35786.581215,37441.852135,33647.7399558,5934.733056,34751.838498
34779.422502,36675.963975,33411.7608858,3401.506232,35752.128783
35763.9378855,37455.16779,34125.727998,5215.507618,37128.815388
37150.472086,37897.4843826,35626.69828,4506.82638,36726.260942
36727.73865,38398.120776,35902.8507534,3564.747771,37607.9435485
37609.8174018,39638.215188,37089.3878162,3671.040652,39555.6590582
39546.912608,39605.2397094,35616.9440032,5880.611229,36780.9353502
36787.799846,38111.028571,34808.707408,4737.892467,35670.102848
35560.567686,36652.0714802,35143.964,2585.04794,35878.38702
35774.0721268,36941.2527,33191.5888,4095.444831,33611.005256
33582.2373648,34200.059166,30947.561085,7323.115377,33484.63786
33502.67906,37625.2041,32435.1936275,6869.405912,37412.6747784
37418.70643,38608.88,35847.8256075,5930.507301,36744.1243747
36745.9445328,37819.788951,35894.9310714,4061.684284,37595.8672782
37580.068318,37765.415479,34699.9630944,4088.460764,35634.376752
35828.588302,39666.194442,34853.6383968,4195.601074,38962.708548
39172.5298224,41316.943747,38688.2048128,4778.923534,40506.853896
40517.007739,41385.2280534,39474.5373928,4250.819798,40174.6033235
40162.5272784,40587.8342265,38401.3457212,4359.550252,38799.5445552
38793.2388272,40190.10066,37695.247614,3983.061188,38401.286175
38402.1459327,38561.5702014,35244.262791,4608.415591,36060.439382
36056.4719785,36709.192575,34912.097532,3442.680141,35591.0246144
35730.5891581,36374.9706,33433.0806,4934.219404,35559.0877888
35703.9799186,35909.6094,31099.1625,10827.430338,31480.8630784
31487.188346,33306.841818,28695.1294,11490.459816,32453.7991423
32456.05176,34853.8819568,31584.7400022,5520.401507,33736.0441712
33736.9038876,35423.715435,32313.5794392,4197.286098,34653.170953
34660.8959866,35554.2460529,31299.6581109,5812.516318,31631.430094
31628.975016,32917.3573563,30259.7748024,5892.800434,32352.51094
32346.4152443,34848.123,32050.3386918,4558.219284,34719.123165
34694.0609073,35425.2007317,33911.2671612,4149.150253,34514.305153
34528.935011,36768.5035155,34178.6699872,4579.198442,35980.447395
35980.6310981,36170.84139,34121.6767606,4046.2493,35163.072485
35163.36805,35209.422951,32741.3488826,4234.106205,33542.220797
33549.583069,34100.8443534,32708.5946718,3249.55742,33751.141862
33746.3039004,34998.5849289,33167.4116664,2020.331529,34638.771852
34591.7559078,35963.7636558,34161.6183612,2037.327182,35257.327704
35216.0020212,35293.5781638,33004.1153244,3275.80558,33705.018936
33640.197661,35221.2742824,33590.198173,2776.958994,34340.9455694
34343.0407125,35280.925296,33871.9499868,2201.019229,33986.5376576
33980.8958468,34096.8334064,31967.6861042,3352.236362,32752.864002
32752.2967464,34094.1600062,32136.940936,1841.250384,33760.8165965
33760.4533945,34304.9808396,32953.4436987,1451.675121,33567.7605084
33476.979222,34629.5514612,33243.3715005,1339.786573,34266.6163422
34183.4795275,34716.0822408,32618.6632926,2052.262405,33184.2584268
33111.06855,33511.1691916,32428.8444324,2082.010851,33198.5332635
33190.0458847,33676.5842149,31882.64926,2302.335774,33175.1950149
33174.7366568,33720.3474908,31566.076488,2524.128961,32368.429984
32366.8364792,32561.5855044,31307.2209296,2625.226012,31535.0604052
31533.4634474,32331.0010176,31270.585294,1331.62577,31819.326855
31834.409346,32722.688952,31480.72408,1375.176849,32099.94351
32115.1709292,32315.9274576,30666.0766191,2133.786723,31213.03386
31188.383832,31486.51509,29603.8732674,3245.278806,30252.2841596
30260.5263576,33159.288985,29871.7744622,3319.204114,32501.51476
32509.19532,32907.54717,31985.6477913,1642.7814,32705.1473796
32702.3748876,34116.2398665,32297.8525,1683.752574,33940.9076841
33939.4658076,34921.867255,33624.6288375,1817.490698,34581.597784
34587.1719604,35713.095,34157.8129575,1900.178918,35649.21428
35651.8255616,40652.958588,35428.650725,7561.065813,37289.14392
37400.750436,39943.91996,36473.51158,4584.194446,39799.4374008
39743.164188,41275.3681704,39084.12112,5005.036959,40359.7192284
40354.9663605,41014.6531424,39460.4144,2921.173657,40263.4586875
40260.4108676,42574.704116,38564.952764,3431.1907,42448.833114
42447.047584,42716.5069,41253.0255768,2328.54095,41853.5090744
41908.653096,43030.89658,39951.7436,2850.785749,40388.3669628
40454.114328,41041.7149668,39087.347154,2798.383546,39595.0949752
39590.7460767,40308.82055,38073.3195,2937.775822,38585.4114883
38585.098266,40584.7170382,37939.8293736,2470.274736,40243.5905625
40236.4801002,41988.6983347,37912.4213608,3612.670722,41311.6755172
41308.278819,44088.7258721,40341.25892,3784.78206,43477.602606
43482.6646296,45591.4165542,42955.8895269,3506.548295,45180.11672
45463.7356712,46260.1284896,43798.0381047,3106.467587,44548.151146
44794.188516,47467.0670754,43415.68248,3286.572831,46946.324895
46918.2124895,47390.091072,45349.50851,2242.83736,46241.273358
46249.6649895,47559.161743,45901.24,2103.196355,46297.5985799
46295.2282541,47065.6966954,44370.000984,2350.606983,45163.2513447
45160.9350288,48321.2865735,44936.4614283,1784.498868,48027.8448216
48041.4470731,48801.0313952,46511.036,1734.228313,47635.9543296
47388.0717275,47899.15648,45927.389948,1650.763387,47481.0689808
47233.2094764,48517.728,46153.2588,1618.910329,46711.0058688
46715.9032845,47782.237199,45211.586377,1593.293647,45616.414068
45597.8246465,46869.7169784,44900.320496,1746.283539,45330.1786816
45330.854886,47361.83191,44640.4541823,1987.507004,47022.477452
47025.0982509,49449.8136912,46703.913642,1856.240513,49266.3645375
49258.6631292,50019.2860905,48381.268896,1542.117539,49124.42745
49049.0690354,49963.607784,48411.432,1131.74504,49616.6073165
49526.8520404,50616.040023,49198.752,1571.205992,49764.2671239
49747.425592,50306.5828906,47937.2,1874.934415,48298.1301406
48285.0220446,49898.0603364,47711.2065924,1540.312799,49590.860224
49584.8001451,50034.183516,46904.8,1779.879412,47600.8535613
47599.4486996,49573.311422,47025.9694479,1323.480436,49304.790957
49293.4774346,49685.9834688,48528.7049533,851.23998,49251.076524
49086.3637114,50004.4803366,47913.6084349,1180.352699,49302.9394992
49132.3014976,49446.7036386,47179.8720775,1318.9819,47567.239728
47570.3371106,48527.3396861,47208.0474216,1597.54802,47553.6736566
47546.3808862,49425.5038954,47029.380363,1870.410385,49026.768768
49035.923912,50468.6291382,48757.5853022,1859.154014,49301.1330735
49308.807533,51272.2471143,48409.1745626,2134.738221,50349.8124964
50353.2452952,51025.396672,49688.45625,1561.92238,50366.2420912
50327.3032272,52296.039336,49854.57885,1557.446348,52046.9068336
52001.3442816,53350.605104,51370.1865252,1760.055561,53156.2748528
53131.665666,53397.6431984,44165.9849312,5032.470255,47898.5357536
47912.210661,48425.0774382,45051.01545,3708.9284,46682.583446
46670.4099684,48080.1287808,45931.8612598,2394.47029,46868.9301505
46863.4446508,47606.1343582,44608.0378185,2217.86114,45298.1340825
45290.86263,46504.4524848,45114.8963132,1415.477,45554.3924045
45610.2271885,46918.9008,45142.1649105,1630.60991,46364.649493
46414.142424,47472.6125664,43956.175788,2940.701373,45299.2167585
45302.67579,47645.4482097,44844.37089,1688.75406,47479.309779
47456.0116085,48826.78357,46996.494272,1699.39109,48307.4530344
48299.811692,48808.1815865,47283.3707304,1823.38478,48057.7403922
48059.7335847,48482.4473809,46943.741021,1408.88039,47530.490464
47546.8342932,49165.253783,47117.970492,1317.27522,48377.67912
48551.6869398,48715.625137,47013.556548,1189.77745,47402.523696
47577.5571469,47763.1763282,42746.278476,4230.992126,43294.6803
43263.755212,43996.8170705,39780.68,4654.943247,41052.0337314
41054.1228216,44338.4659248,40856.9555294,2980.59512,43981.8004298
43976.629064,45346.4959585,43361.2640916,2915.24538,44990.2154908
44988.111941,45492.955585,40788.73419,4553.78549,43184.1048372
43206.4854377,43382.1951456,41888.506,2116.24613,42964.492284
43035.4201979,44249.7789008,41042.54539,2865.54111,43392.363336
43459.4446104,44683.582526,42272.0666467,2009.09413,42392.232036
42315.1697091,42981.9140856,41130.405,2620.49406,41316.8009218
41313.2963518,42823.1548634,40708.188287,1866.36474,41654.8480408
41960.7773412,44598.113,41518.062547,2417.02373,43946.0578824
43889.6833493,48501.1958928,43291.2866627,3488.688201,48111.053694
48070.5129212,48328.57064,47293.079,1357.5679,47468.630154
47438.5657029,49152.4754994,46813.6266216,1433.13328,48023.124798
48039.2208698,49478.2066064,46795.9646709,1988.24475,49152.7176036
49067.4210964,51997.7744572,48856.408371,1945.01739,51289.101216
51298.361178,55541.665842,50241.27504,2862.637065,55014.4995812
55017.6838592,55067.6769808,52764.0986104,2496.70974,53278.971754
53278.0494938,55587.0683782,53089.4161353,2433.504449,53528.8951908
53525.7364565,55207.7665,53188.3918618,1272.5568,54692.650945
54628.8184225,56547.3282098,53774.1871602,1845.536209,54736.385772
54658.5802385,58016.0517624,54381.4148384,2070.228185,57629.153668
57664.017522,57958.0078496,54049.788,2256.45591,56253.8173575
56227.4901216,57670.7256328,54353.4488055,1885.66848,57032.1896416
57027.5561451,58480.7068825,56412.4769427,1415.240286,57310.8438625
57314.1330496,62858.79,56788.5419218,3160.686126,61552.79
61527.6746226,62361.629664,59929.18688,1863.72673,60737.4519945
60733.4534576,61778.664522,58908.6147,1734.90431,61484.466
61473.481973,62826.91712,59821.808716,2307.37513,62148.844356
62162.640221,64688.9454792,61281.7994,2318.748999,64286.9395032
64286.0075583,67083.6660102,63415.4721762,2173.401589,65611.1763604
65604.7467196,66606.2580826,61605.8642832,3239.7815,62158.0845522
62149.2264976,63857.582438,60039.0006808,1903.57428,60920.611848
60920.1244102,62065.8310356,59782.842,1284.41881,61388.8416694
61388.3135888,61746.9734856,59627.6566856,1797.74338,61083.075851
60914.89,64097.85,60577.11,1539.48064,63167.2
63166.3660701,63442.9555414,59952.1355376,1782.48686,60464.961504
60481.4917235,61802.4260718,58230.9856152,3538.02251,58653.2492271
58667.4457083,62664.3459,57528.9727152,2903.1316,60698.7145726
60682.161462,63477.786,59568.06118,2058.18468,62164.976808
62385.9767688,63190.1675184,61108.1736524,1399.64873,62713.100801
62701.3489102,63289.632231,60043.0922512,1581.46011,61535.260699
61527.308628,62953.3133228,59635.09,1897.94764,61238.5125068
61230.0328416,64454.37,60818.94126,1714.57966,63275.888774
63267.968633,63735.8296604,60534.42165,1738.19408,62995.2991871
62979.526986,63224.5454308,60641.2255782,1775.22519,61481.2672032
61483.598769,62829.2015396,60730.0900341,1450.09889,61366.47799
61599.466748,62186.1786676,60337.2500006,1605.78031,61718.8877292
61719.603453,63730.5917948,61386.8777459,1518.1299,63683.89958
63639.862098,67881.756405,63599.6673417,2419.098987,67541.12549
67549.2760437,68684.5792505,66273.087078,2018.799758,67159.3775005
67159.4253504,69275.4705132,63122.4863023,3212.686775,65080.26
65081.6922073,65948.6226231,64053.062168,1637.02456,65134.627448
65302.4161296,65962.0057936,62507.685018,2423.89668,64427.3434816
64588.1884582,65589.3562933,63637.818584,1552.79319,64773.4865008
64778.9292999,66008.116183,63918.987585,2090.27393,65909.065425
65932.089036,66642.490408,63477.3334682,1797.16589,63736.8151464
63739.1906613,63853.382546,58490.7729989,3915.25753,60275.9427152
60246.0022,61024.4241677,58196.9795826,2666.02856,60528.3634528
60527.3341416,61406.49108,56323.5245001,3056.63376,56952.539371
56951.849752,58728.409185,55114.2399,2641.23867,58128.8165172
58330.7657948,60548.7019544,57782.1124881,1638.32339,60379.462934
60383.848952,60733.162014,58503.1525234,1376.56494,58737.2611914
58748.769394,59514.121293,55651.4652486,2313.6768,56294.888685
56293.863,58010.3895,55240.76234,1904.8767,57551.174618
57540.567619,57827.1877022,55833.069069,1663.45482,57183.9575929
57425.5803445,59584.9729244,56890.3344966,1585.62875,58890.1984485
58969.3888304,59807.0443776,53204.481631,3327.79094,53947.9293946
53369.9972064,55088.29334,53235.6560064,1292.07297,54490.51972
54475.7076208,57773.7549792,52956.54917,1555.59411,57532.9672032
57540.05,59283.74,56637.91,1874.66656,57803.88
57798.22,59135.98,55592.62,2823.37079,56971.59
57026.14,59224.48,56513.5,2202.16597,57229.06
57327.99,57618.03,55735.35,2164.54225,56634.84
56635.27,57852.79,51883.83,2993.05771,53688.95
53771.64,54171.63,43423.65,6426.74539,49653.72
49652.68,50310.78,47827.56,2934.23615,49523.13
49527.52,51111.59,47112.32,3410.4957,50539.54
50531.58,52214.26,49908.74,1817.80727,50623.55
50624.03,51442.91,48624.33,1839.81768,50530.14
50532.36,50878.11,47329.47,2086.27281,47587.13
47583.78,50333.88,46796.32,2615.53867,47298.92
47383.51,49781.07,46727.91,1706.19342,49437.29
49458.07,50898.58,48618.83,1529.55269,50134.45
50033.83,50303.03,45699.64,3004.10731,46885.7
46785.35,48987.35,46254.31,2294.36895,48409.65
48404.31,49542.09,46441.46,2609.79577,48825.49
48840.18,49758.99,47334.02,1663.85951,47638.4
47652.94,48097.05,45261.84,2166.91148,46131.84
46341.82,47878.17,45699.42,1323.3218,47243.11
47252.5,48769.93,46467.42,1501.84984,46657.68
46652.1,47640.36,45366.28,1843.53059,46914.39
46730.97,49394.79,46480.43,1767.85325,48875.08
48865.77,49858.67,48212.08,1370.54656,48620.68
48634.98,51439.86,47861.59,1911.09807,50831.31
50824.26,52004.43,50337.01,1566.44823,50969.16
50945.24,51396.66,50233.13,1170.7493,50596.41
50587.38,51491.21,49421.88,1469.56558,50816.46
50867.69,52192.07,50434.83,1514.7025,50705.1
50733.97,50769.19,47269.68,2494.52842,47599.04
47611.74,48447.3,45829.17,2007.48355,46459.37
46481.14,48099.52,45770.3,1714.82743,47154.78
47173.33,48892.01,45387.16,1818.13598,46197.14
46017.92,48091.61,45930.64,1207.11863,47797.13
47616.97,48102.62,46436.2,1303.50481,47317.52
47337.91,47673.7,45660.24,1829.06785,46423.83
46439.91,47683.86,45491.64,1707.20987,45871.55
45867.94,47251.83,42482.24,2734.91379,43544.17
43444.2,44018.2,42374.61,2314.27209,43187.32
43115.44,43452.15,40479.73,3275.57815,41597.86
41442.31,42310.27,40335.63,1941.21686,41530.27
41518.66,42900.53,41027.23,1488.4887,41958.27
41958.14,42330.81,39672.18,2706.6815,41824.47
41834.42,43217.51,41254.98,2014.73013,42792.65
42634.04,44134.58,42301.15,1802.6888,43722.4
44012.84,44491.98,42252.51,1710.40316,42591.47
42594.07,43029.63,42317.56,579.47213,42458.78
43115.0,43848.21,42645.5,990.40902,43146.08
43140.15,43514.14,42670.03,877.86841,43122.0
43115.09,43209.71,41657.86,1460.99512,42287.63
42291.23,42705.26,41301.13,1846.93759,42404.77
42406.76,42603.34,41181.21,2001.79284,41719.38
41720.32,43544.18,40632.9,2386.13322,40735.1
40736.25,41116.35,35526.22,4818.541538,36551.25
36547.65,36906.45,34040.22,3850.164908,35198.71
35213.94,36583.62,34724.24,2332.36025,36347.99
36332.9,37590.19,32987.86,3928.051261,36723.94
36722.27,37599.34,35748.24,2070.84145,37006.03
37010.97,38924.97,36331.42,2640.97504,36879.36
36875.83,37255.91,35532.23,2125.40797,37197.99
37179.32,38069.24,36191.62,1719.91755,37793.5
37785.59,38831.6,37400.75,1172.53339,38286.85
38276.69,38477.92,37467.89,1038.63219,37944.23
37937.65,38759.76,36690.16,1941.62391,38482.51
38479.07,39293.49,38040.79,2101.64029,38760.84
38749.46,38901.72,36714.57,1845.88693,36986.82
36990.63,37421.46,36263.85,1939.71345,37350.06
37346.6,41756.61,37060.63,2907.56103,41623.46
41618.98,41956.91,40966.23,1415.07262,41419.49
41419.49,42702.76,41171.03,1267.26592,42409.56
42417.64,44565.52,41663.83,2342.88996,43887.92
43898.03,45517.86,42716.8,3179.12012,44116.66
44118.77,44802.21,43150.95,1740.43643,44434.63
44430.34,45829.34,43219.97,2802.89835,43519.31
43531.15,43967.9,41980.16,2157.89018,42410.68
42404.8,43055.79,41779.87,1141.23492,42258.99
42265.15,42833.77,41930.87,1011.24074,42109.68
42115.69,42879.25,41601.67,1848.20643,42561.86
42572.3,44748.04,42473.94,1601.41878,44536.33
44540.56,44557.15,43362.7,1363.48316,43884.64
43894.29,44196.46,40076.06,2108.11447,40549.79
40561.65,41014.99,39472.98,2029.24078,40023.93
40023.93,40500.86,39680.67,671.29847,40123.63
40122.19,40166.79,38003.74,1261.206,38384.47
38391.38,39524.8,36832.16,2368.60706,37056.12
37048.07,38480.76,36365.17,1976.26225,38262.86
38278.21,39238.36,37064.98,1486.96948,37260.13
37274.97,39758.14,34336.56,4566.08987,38272.53
38263.49,39749.03,38019.53,1726.51719,39234.85
39249.45,40272.39,38621.97,772.70969,39151.89
39149.51,39874.33,37279.76,1583.24308,37741.32
37740.94,44153.77,37467.56,2516.91396,43171.59
43173.9,45003.88,42828.12,2175.24751,44469.58
44474.8,45368.85,43323.92,1742.17959,43898.87
43900.08,44126.32,41844.98,1638.46988,42471.69
42453.13,42534.57,38617.13,1908.28771,39183.4
39190.11,39654.45,38615.72,686.33193,39432.82
39440.96,39729.28,38161.12,1252.29795,38422.71
38423.52,39572.21,37200.78,2072.01751,38029.1
38015.3,39433.15,37907.56,1937.24706,38732.58
38748.06,42595.2,38671.91,1930.05547,41960.73
41959.85,42019.18,38589.51,2391.17508,39468.66
39442.95,40272.15,38261.21,2049.66559,38783.3
38770.53,39526.57,38700.88,692.9235,38902.99
38891.5,39397.7,37758.94,1139.93636,37929.88
37940.16,39966.28,37696.47,1900.39354,39723.54
39730.47,39928.44,38148.14,1888.52145,39334.58
39329.62,41676.53,38899.83,3128.73745,41135.99
41135.31,41453.07,40546.28,1221.61669,40985.11
40980.26,42370.84,40193.64,1614.88648,41842.57
41834.87,42435.8,41570.76,1031.29309,42244.47
42247.51,42332.74,40968.1,964.60258,41321.5
41322.71,41572.96,40529.25,1390.99819,41031.64
41028.32,43328.7,40882.83,2122.24382,42407.08
42408.27,43048.4,41793.99,1436.33294,42898.72
42922.12,44250.02,42645.08,1967.31426,44032.74
44037.32,45127.29,43614.34,1821.70323,44342.64
44364.72,44856.09,44135.29,645.76199,44592.58
44592.58,46950.1,44509.08,1144.26345,46851.6
46849.02,48240.33,46653.79,1680.8057,47142.18
47147.2,48165.57,47021.79,1574.5883,47483.04
47467.19,47725.71,46515.49,1270.42211,47088.4
47090.79,47644.29,45279.18,1557.36613,45571.68
45557.98,46760.75,44232.14,1966.16294,46363.36
46360.13,47236.66,45684.32,1014.90108,45868.69
45866.11,47445.51,45600.97,932.14049,46455.7
46464.53,46953.48,45163.42,1436.14561,46610.32
46615.93,47204.41,45422.09,1180.75834,45541.64
45533.1,45554.19,43172.3,1700.19579,43220.59
43191.57,43931.86,42839.15,1522.09115,43460.11
43450.13,43992.3,42188.08,1589.56627,42339.29
42316.16,42870.75,42209.2,506.92694,42826.21
42836.39,43366.98,41936.51,817.25991,42199.45
42196.96,42442.59,39246.29,1754.98887,39533.48
39552.3,40794.76,39298.67,2072.47504,40112.11
40117.61,41628.4,39605.97,1542.38735,41186.55
41196.51,41554.2,39657.47,1546.06313,39986.28
39986.88,40903.79,39801.78,1100.28476,40659.0
40658.98,40802.63,40066.55,753.46148,40444.81
40446.9,40669.57,39625.18,861.05891,39743.44
39736.14,41269.79,38608.58,2130.2056,40922.4
40916.93,41810.91,40610.77,1914.67857,41556.46
41558.53,42254.08,40949.3,1917.8505,41402.43
41407.07,43002.01,39870.22,2114.24672,40558.55
40547.13,40840.07,39228.29,2001.93844,39782.14
39782.14,40044.66,39362.15,773.51169,39509.75
39509.68,40022.13,39039.74,986.13032,39491.56
39484.62,40616.86,38258.61,2344.63933,40446.96
40442.08,40825.74,37728.78,2178.25367,38178.46
38181.26,39491.49,37910.03,2088.95851,39230.38
39219.73,40337.8,38860.02,2450.61767,39754.21
39773.5,39933.79,38053.01,2283.10039,38609.13
38611.06,38812.73,37684.09,973.03894,37739.95
37742.16,38738.15,37493.4,1211.9565,38445.24
38453.03,39182.86,38075.42,1961.55442,38533.66
38545.39,38670.44,37537.1,1680.52098,37793.02
37803.52,40011.86,37739.3,2230.08283,39704.93
39703.82,39861.42,35687.41,2856.25316,36591.93
36594.42,36705.38,35297.63,3140.41614,36073.16
36074.08,36203.64,34858.5,1401.44502,35538.25
35539.37,35582.38,33777.73,2156.12043,34068.94
34081.79,35914.13,30071.99,5163.295217,30080.41
30100.79,32668.66,29788.22,4858.267047,31068.38
31047.19,32159.56,27678.67,6018.284096,28985.23
28956.39,30127.17,23878.62,8586.262024,28946.75
28947.52,31011.52,28680.58,3387.78514,29294.93
29296.93,30367.04,28649.04,1401.59995,30127.49
30141.14,31464.22,29527.34,1369.4079,31328.1
31340.06,31346.82,29088.76,2945.44608,29871.22
29891.02,30772.14,29440.26,2326.60713,30432.26
30441.0,30687.71,28642.5,2664.78378,28709.43
28690.87,30527.83,28673.81,2640.97794,30305.0
30311.97,30726.1,28723.61,2611.57876,29205.4
29205.4,29646.61,28955.54,830.49593,29430.15
29430.3,30486.52,29251.22,1626.535,30279.6
30285.81,30663.73,28869.37,2938.49645,29103.56
29113.37,29835.16,28665.77,2377.41859,29655.93
29654.68,30193.93,29326.43,2068.24168,29542.61
29538.18,29875.63,28034.01,3103.89648,29204.75
29197.08,29389.3,28264.33,2776.4688,28602.92
28615.49,29270.71,28513.47,878.98455,29047.44
29047.43,29582.59,28857.54,966.86543,29464.71
29468.65,32196.35,29295.86,2769.09835,31743.73
31739.35,32401.86,31219.12,2411.44709,31789.66
31795.59,31964.09,29336.85,2578.76194,29795.29
29795.75,30691.71,29589.87,2169.20501,30458.81
30454.17,30701.12,29278.58,2123.51577,29707.61
29709.22,30018.56,29504.55,753.80546,29896.48
29895.29,30441.96,29568.29,978.78176,29929.67
29935.25,31747.96,29895.63,2322.49925,31370.93
31374.87,31565.71,29221.55,3651.95339,31101.73
31106.83,31292.51,29826.47,2773.56169,30203.58
30205.35,30701.74,29932.76,2331.43214,30091.53
30088.13,30341.67,28864.37,2678.89352,29091.86
29089.01,29440.85,28145.99,1653.70159,28442.4
28449.69,28566.06,26546.62,2474.38899,26576.45
26559.41,26868.31,21971.22,7396.897327,22525.62
22504.04,23326.44,20857.54,7542.45649,22119.64
22150.29,22823.82,20123.69,8685.330994,22591.15
22600.6,22989.49,20261.36,4155.84751,20434.03
20436.16,21362.23,20265.9,2866.27878,20495.59
20495.1,20796.64,17689.13,6302.001751,19058.26
19057.21,20853.5,18047.48,4751.39431,20608.94
20612.0,21052.6,19666.29,3868.24484,20551.96
20558.34,21711.88,20340.35,2990.564352,20719.44
20724.37,20895.32,19768.8,2951.02652,19977.8
19980.57,21210.53,19883.53,2108.28706,21095.95
21101.17,21548.09,20728.21,2147.17959,21229.7
21243.79,21632.51,20939.14,956.4257,21512.77
21515.56,21911.01,20968.75,1246.35106,21045.19
21050.39,21536.61,20504.43,2016.99625,20709.18
20722.07,21213.18,20193.54,1748.34849,20262.44
20259.67,20410.98,19856.83,1931.49855,20085.64
20094.23,20133.33,18645.04,2725.94952,19966.57
19965.88,20869.34,18970.11,3072.89277,19268.01
19267.77,19462.83,18999.39,1047.6391,19253.97
19257.11,19655.74,18782.39,1303.61309,19309.79
19318.37,20326.32,19042.15,2014.07667,20220.85
20222.1,20714.05,19282.2,2459.03218,20147.63
20134.5,20650.2,19736.36,2091.60246,20541.18
20537.38,21842.73,20240.34,2239.28422,21604.92
21609.77,22424.06,21179.67,3260.62935,21589.04
21596.08,21969.33,21333.4,1661.1618,21602.29
21597.37,21609.96,20647.02,1748.92196,20855.23
20858.22,20858.22,19874.7,1788.71452,19953.92
19954.35,20051.85,19245.4,2540.30598,19322.14
19331.12,20308.79,18918.82,3116.00149,20238.68
20234.48,20880.11,19628.44,2167.84937,20566.75
20562.04,21194.9,20361.58,1762.05809,20830.9
20822.56,21580.4,20479.12,1226.10465,21177.6
21173.17,21660.37,20737.03,989.34178,20784.76
20780.18,22768.9,20751.19,2644.92648,22432.74
22445.92,23819.52,21602.54,3979.5684,23400.65
23397.04,24296.77,22928.6,3114.51852,23226.05
23214.66,23431.35,22352.29,2848.00126,23157.37
23161.41,23772.77,22508.46,2325.60742,22720.58
22713.21,23024.95,21984.78,979.37083,22474.41
22481.22,23017.72,22278.44,896.05669,22589.52
22595.72,22668.58,21276.69,1831.64939,21323.81
21332.35,21365.84,20735.17,1600.547,21262.14
21266.99,23112.33,21061.68,2690.83225,22948.19
22956.17,24217.37,22583.98,2544.58016,23844.9
23856.64,24429.15,23440.91,2174.93573,23782.88
23789.59,24692.87,23553.6,1474.22069,23691.49
23691.49,24209.98,23252.98,1155.59972,23334.94
23329.19,23523.85,22875.39,1641.28475,23291.16
23293.97,23471.96,22641.12,1777.32459,22988.01
23000.67,23660.31,22709.72,1514.18253,22847.93
22846.23,23244.38,22515.06,1809.79233,22685.67
22679.21,23489.29,22641.33,1888.76201,23327.04
23330.7,23359.96,22923.5,502.02314,22960.37
22959.91,23430.32,22866.53,695.25657,23186.63
23187.8,24251.42,23165.83,1741.77425,23845.33
23851.48,23951.08,22936.61,1876.64147,23183.91
23183.46,24253.65,22702.72,2622.66664,23982.87
23991.04,24956.35,23896.95,2716.45139,23983.79
23995.86,24464.3,23620.79,1995.42382,24403.16
24408.05,24860.64,24276.58,1634.92142,24463.77
24466.39,25029.52,24190.46,1578.95074,24334.46
24340.9,25200.55,23779.04,2430.51045,24097.37
24089.47,24251.8,23691.5,1588.29363,23859.5
23869.74,24425.05,23192.17,2288.30336,23356.88
23358.58,23614.9,23122.64,1286.73047,23198.85
23200.23,23217.1,20793.05,3488.4769,20838.25
20844.21,21387.05,20772.0,1366.78896,21155.79
21153.73,21833.98,21092.78,1427.75388,21556.65
21548.6,21554.62,20919.53,1860.73959,21391.06
21395.83,21692.1,20898.79,1820.84705,21527.9
21533.89,21901.05,21158.26,1683.89412,21378.05
21383.8,21837.02,21329.22,1957.92636,21562.15
21564.99,21884.41,20153.54,3260.66364,20278.65
20280.48,20441.24,19854.21,1427.43865,20074.65
20067.83,20185.6,19552.06,915.52146,19587.96
19588.43,20458.42,19584.02,1874.75525,20313.81
20315.64,20592.02,19568.89,2688.27834,19826.48
19828.45,20482.51,19818.24,2444.01828,20064.92
20057.85,20222.13,19578.82,1996.51253,20119.14
20116.35,20460.38,19773.09,2268.39539,19972.12
19964.63,20069.15,19672.85,864.40522,19839.17
19836.48,20015.35,19603.56,1167.33016,19980.27
19982.7,20050.7,19637.02,1688.13707,19811.05
19811.77,20168.35,18683.56,3518.07734,18810.03
18810.39,19502.94,18547.43,2587.46118,19315.72
19314.72,19474.07,19026.29,2155.30968,19328.35
19330.86,21513.58,19307.37,3980.32103,21314.2
21315.58,21768.12,21045.12,2184.79565,21606.27
21603.73,21841.04,21303.52,1938.10371,21809.32
21812.98,22496.44,21534.87,3435.46791,22402.07
22395.32,22801.92,19893.48,4853.84493,20195.13
20185.15,20549.22,19639.12,2923.31686,20233.5
20229.62,20341.56,19515.57,3124.04961,19721.66
19725.49,19903.73,19345.81,2432.09408,19826.95
19828.23,20217.24,19773.52,1340.05211,20135.17
20138.49,20142.31,19354.8,1756.15722,19431.91
19438.09,19698.79,18256.25,4693.69595,19557.44
19555.84,19660.11,18746.44,3704.92733,18889.29
18888.61,19790.3,18180.74,5682.17243,18476.28
18472.47,19513.32,18369.28,3879.29546,19389.08
19388.54,19483.94,18540.73,3840.17789,19266.26
19262.05,19287.46,18793.18,2132.42477,18907.51
18904.75,19155.19,18619.5,2371.74996,18806.82
18802.5,19305.57,18701.22,3816.46966,19219.72
19226.11,20382.48,18824.15,6270.86083,19083.72
19087.28,19759.7,18482.25,5581.86009,19407.95
19412.02,19648.31,18851.47,4177.14627,19590.82
19582.64,20168.88,19153.55,3927.36574,19432.6
19429.99,19492.07,19164.5,1369.9648,19328.13
19325.23,19404.73,18945.9,1861.21662,19071.37
19071.89,19720.81,18975.07,2482.20273,19628.1
19633.04,20459.88,19494.01,3444.85612,20349.13
20343.78,20373.06,19756.27,2978.1447,20159.07
20156.19,20443.3,19846.15,3102.25975,19957.43
19963.56,20069.46,19333.26,2760.59619,19542.69
19536.05,20033.95,19264.78,1158.22622,19440.11
19430.26,19566.29,19336.51,865.71692,19444.11
19449.84,19530.31,19049.57,1690.07788,19139.2
19134.17,19301.88,18872.88,1996.16875,19068.68
19062.99,19241.2,18982.24,1358.34648,19148.66
19145.61,19520.27,18214.02,4024.83587,19395.26
19378.19,19950.97,19078.4,2801.64377,19181.42
19186.01,19229.31,19003.2,644.9528,19086.77
19086.77,19437.03,19086.77,850.33491,19260.03
19258.2,19680.62,19162.2,1640.8129,19562.63
19569.42,19711.44,19100.93,2610.37117,19341.77
19340.14,19370.71,19078.07,1928.5183,19130.0
19130.33,19338.94,18920.31,3028.22787,19052.99
19050.26,19256.31,18687.95,3157.14231,19176.06
19176.23,19258.52,19119.39,981.52145,19207.47
19209.25,19671.64,19089.11,1864.70673,19561.87
19568.42,19592.54,19174.32,3119.57942,19326.68
19328.23,20395.64,19244.2,4085.98621,20071.97
20070.86,21034.36,20039.91,4996.06938,20770.41
20766.16,20875.77,20215.92,4141.52689,20300.47
20294.77,20755.42,20044.24,3941.47985,20609.35
20610.46,21072.31,20569.35,2536.67973,20805.45
20804.14,20926.13,20528.34,1709.17796,20639.02
20642.52,20829.42,20235.96,3236.23186,20494.41
20493.69,20689.08,20351.55,2638.40603,20496.29
20498.13,20822.44,20073.84,4675.64694,20156.15
20157.24,20387.83,20036.96,3641.24569,20217.31
20215.23,21306.8,20187.42,5439.30251,21172.12
21175.96,21484.6,21111.17,1721.42502,21333.12
21332.72,21392.4,20932.51,2305.792,20956.84
20963.24,21088.97,20421.27,4362.19091,20615.19
20611.63,20698.53,17942.53,10314.0422,18630.66
18621.3,19035.51,15677.91,11135.480264,15988.56
15986.34,18232.31,15854.03,11341.14275,17633.14
17630.71,17729.57,16250.93,5482.77002,17143.23
17145.84,17190.49,16728.86,1839.68539,16930.41
16930.43,17072.91,16297.01,2765.40077,16351.21
16351.54,17801.14,15805.81,5858.660601,16610.38
16606.18,17129.26,16506.85,3294.36267,16885.2
16878.6,16991.87,16385.78,2907.8596,16649.25
16658.8,16743.77,16402.52,2354.97013,16678.41
16688.35,16991.03,16535.13,2944.11146,16688.57
16688.14,16783.7,16542.67,1173.75196,16663.56
16661.43,16713.75,16156.1,2133.68372,16261.26
16263.98,16282.44,15479.25,5473.47398,15755.85
15762.87,16289.53,15609.11,4267.50672,16217.33
16222.82,16670.51,16151.85,3720.04371,16596.26
16592.49,16788.45,16457.0,2557.51558,16586.23
16591.59,16642.27,16339.86,2400.36384,16501.83
16502.27,16677.69,16372.13,1647.55636,16440.38
16434.77,16593.87,16382.39,1493.93053,16415.95
16418.23,16481.8,15990.84,3944.86563,16206.6
16208.97,16538.22,16094.76,3391.89663,16446.44
16441.27,17248.13,16429.4,5020.86267,17170.31
17169.38,17297.53,16865.39,3289.55095,16979.21
16980.3,17121.13,16775.33,2688.74616,17089.87
17093.69,17171.72,16872.44,1369.89675,16896.3
16893.12,17212.47,16887.26,1741.59661,17121.11
17119.49,17426.88,16876.02,3249.05248,16972.94
16979.05,17113.87,16918.85,2621.09504,17097.28
17098.12,17141.65,16690.58,2617.95276,16847.58
16843.87,17299.0,16751.97,2850.28553,17223.41
17233.03,17359.18,17059.59,2135.32114,17130.48
17134.73,17224.22,17096.79,788.4664,17127.32
17125.44,17263.42,17073.02,1169.76788,17090.16
17089.51,17242.1,16875.47,2314.50537,17208.51
17206.37,18219.3,17080.4,4211.3262,17764.99
17773.41,18378.19,17665.56,3514.5107,17802.1
17803.97,17853.63,17269.15,2280.5226,17353.74
17353.47,17491.01,16521.49,3539.49578,16639.83
16635.08,16809.99,16590.22,1396.72136,16789.19
16789.27,16861.24,16669.64,993.19891,16732.31
16729.15,16817.34,16283.06,2120.28229,16440.01
16440.21,17053.34,16393.04,2856.78568,16901.33
16901.15,16926.41,16731.14,1744.42167,16823.62
16822.38,16873.8,16565.6,1663.02827,16811.43
16813.36,16950.57,16762.35,1567.59969,16780.48
16779.25,16856.47,16777.19,500.63341,16811.17
16809.24,16831.28,16698.12,551.22331,16824.83
16842.57,16920.3,16734.35,827.43846,16866.24
16865.32,16915.65,16599.8,1521.42623,16700.69
16707.13,16786.06,16443.55,1820.09839,16524.28
16520.59,16667.27,16470.08,1564.64532,16635.54
16637.56,16676.09,16342.54,1788.7059,16604.98
16605.03,16616.62,16434.95,989.02399,16508.88
16508.69,16575.34,16457.39,706.36148,16557.33
16554.82,16737.49,16502.95,1481.43946,16641.47
16634.81,16771.0,16586.71,1452.26914,16662.39
16668.53,16990.18,16649.92,1781.1385,16850.93
16844.1,16890.79,16749.79,1271.4218,16826.16
16826.64,17031.22,16677.38,1418.74607,16946.08
16946.09,16977.61,16908.08,420.30997,16937.78
16936.69,17155.52,16904.3,803.36468,17124.99
17129.17,17406.79,17092.54,2437.73358,17185.45
17183.14,17500.26,17151.98,1885.37526,17453.62
17452.64,17997.65,17323.19,2290.91147,17948.79
17944.39,19119.64,17883.72,5207.44326,18853.25
18852.92,20022.28,18711.85,3854.72393,19943.95
19945.95,21229.0,19905.91,5788.50253,20945.33
20943.17,21020.73,20535.37,3091.42859,20871.66
20870.81,21464.55,20634.28,4165.95024,21198.71
21197.33,21600.62,20862.89,3476.33781,21152.87
21151.49,21648.41,20407.91,4297.51331,20678.68
20678.93,21196.65,20659.93,1981.78354,21079.53
21083.93,22770.13,20876.63,4294.28176,22683.44
22683.31,23366.56,22437.07,4353.96603,22790.34
22790.34,23073.18,22296.59,2806.31327,22702.0
22703.67,23181.81,22523.54,4248.08387,22932.68
22927.74,23174.7,22475.67,3907.42272,22658.58
22651.96,23827.75,22342.54,5156.4212,23070.5
23072.67,23278.19,22875.62,4030.32493,23019.12
23026.42,23507.45,22559.82,3758.38348,23090.38
23085.83,23201.66,22892.4,1168.40209,23033.33
23027.28,23958.32,22973.83,3634.06807,23747.16
23748.13,23803.31,22511.68,3363.06727,22841.94
22846.65,23310.96,22738.51,2215.17495,23137.45
23132.97,23816.35,22773.48,3628.66867,23740.05
23739.45,24247.28,23397.87,4574.3957,23498.6
23498.82,23721.19,23218.99,2639.13255,23424.66
23429.03,23571.94,23258.42,1035.98851,23315.84
23312.79,23413.04,22767.33,1645.17302,22955.38
22953.44,23170.95,22651.13,2165.38151,22777.14
22779.48,23345.46,22757.24,2366.56202,23257.33
23255.49,23436.07,22686.42,2120.23931,22965.23
22963.06,23012.82,21696.47,2855.55881,21812.5
21818.29,21949.32,21462.79,2086.45328,21639.09
21639.07,21893.7,21611.23,732.72502,21847.41
21851.81,22092.14,21638.95,1171.77258,21792.89
21793.12,21900.33,21368.5,2003.1752,21793.61
21799.03,22370.77,21585.07,2919.43634,22204.4
22199.68,24357.87,22057.18,4753.55492,24305.55
24301.85,25252.3,23506.05,5623.18215,23519.12
23515.73,25049.82,23344.61,4845.79932,24608.22
24606.54,24878.17,24445.24,1195.72637,24643.42
24643.42,25180.71,24214.01,2238.89825,24292.26
24289.34,25116.09,23864.61,3129.31475,24847.39
24850.85,25246.48,24221.71,3097.51041,24470.6
24462.19,24496.17,23583.49,2939.82574,24198.7
24196.87,24597.56,23635.64,2838.27676,23946.97
23954.67,24140.12,22897.22,3163.40102,23215.12
23221.69,23249.22,22774.39,1094.59857,23191.82
23191.81,23716.53,23094.53,1358.74095,23584.45
23587.23,23985.5,23253.51,2535.22519,23629.19
23631.88,23798.85,23295.35,2264.71466,23397.14
23396.92,24172.28,23253.57,2581.29843,23784.01
23781.18,23943.84,23358.2,2469.58614,23569.5
23571.15,23579.91,22248.81,3989.13249,22569.65
22569.65,22650.15,22360.23,1191.93042,22559.38
22554.41,22844.38,22387.09,1856.89702,22572.5
22573.57,22708.43,22414.84,2055.77746,22479.58
22485.03,22621.04,22007.97,3494.20664,22248.52
22249.99,22326.54,21634.89,2559.84725,21756.69
21762.34,21884.44,20121.92,4750.3091,20510.35
20513.9,20516.08,19705.73,5061.09271,20221.05
20230.84,20876.7,19791.78,3597.81908,20288.7
20286.33,22215.02,20136.0,4465.40523,22087.47
22082.71,24619.3,21737.13,7857.07619,24018.61
24015.87,26392.29,23924.94,7990.78918,24655.53
24661.99,25258.52,23923.83,5120.11961,24365.81
24358.01,25286.05,24177.55,3615.76296,25117.86
25115.23,27908.49,25002.89,6042.8164,27501.95
27498.37,27880.92,26778.66,3672.35675,27058.14
27055.66,28632.57,26926.35,3940.89165,28275.23
28269.95,28653.54,27314.94,4288.89009,27956.82
27939.48,28597.08,27528.04,4051.90711,28358.59
28359.36,29084.24,26799.92,2977.15333,27544.71
27557.96,28998.78,27355.45,2056.22677,28450.83
28445.08,28535.47,27221.23,1430.59858,27700.22
27708.01,27992.24,27369.42,719.56325,27687.9
27681.24,28349.44,27630.93,1094.07901,28102.6
28088.63,28129.6,26679.48,1862.12772,27303.33
27296.17,27590.51,26689.01,1354.89122,27301.96
27314.43,28730.11,27294.74,1850.60349,28394.9
28396.02,29191.43,27803.82,1849.15679,28131.03
28134.19,28732.19,27620.29,1384.9645,28539.72
28537.39,28866.14,28316.84,494.04749,28521.23
28525.52,28616.89,27992.64,571.36554,28284.73
28295.32,28564.03,27494.09,1681.4023,27988.61
27989.19,28517.31,27794.54,1008.78663,28265.44
28268.04,28829.8,27929.58,1116.75151,28265.7
28267.76,28293.16,27814.42,948.61396,28158.19
28163.86,28218.1,27890.1,581.11544,27995.71
27995.71,28202.55,27917.7,388.80034,28007.84
28007.9,28618.97,27864.87,525.97833,28393.6
28398.07,29767.76,28204.88,1085.63068,29638.01
29646.29,30661.32,29587.11,1371.89709,30337.83
30340.17,30695.39,29840.39,1284.356,30045.45
30041.43,30775.26,30002.47,930.82357,30532.12
30528.88,31170.96,30148.88,1287.41431,30546.75
30546.74,30665.69,30329.19,468.39631,30418.21
30416.05,30586.91,30238.89,521.80253,30437.97
30435.84,30446.04,29322.64,1213.59335,29501.78
29504.74,30592.19,29192.67,1256.49619,30481.32
30487.42,30511.21,28707.42,1473.06479,28924.96
28928.66,29206.08,28119.32,1143.60874,28337.47
28338.96,28472.15,27250.24,1365.36607,27362.38
27359.03,27973.42,27204.37,871.88613,27889.15
27889.51,27889.51,27386.49,687.59348,27682.42
27686.89,28107.0,27043.15,1147.42213,27614.66
27612.93,28479.05,27273.9,1090.39632,28377.86
28381.62,30128.3,27341.52,2676.87734,28504.84
28511.5,29964.92,28467.25,2136.62413,29537.32
29548.71,29675.62,28949.04,1112.77487,29358.87
29359.98,29441.49,29004.75,505.05277,29206.33
29209.09,29937.14,29040.24,696.70635,29302.15
29306.68,29408.54,27755.99,1326.62043,28178.65
28183.85,28966.02,27953.67,1206.37132,28771.82
28777.08,29341.79,28232.24,1399.56618,29097.18
29102.4,29424.74,28747.95,835.42823,28936.04
28935.76,29761.83,28861.94,1138.85466,29482.57
29482.58,29808.67,28310.76,928.10555,28798.55
28798.54,29136.61,28485.73,837.63757,28517.31
28517.08,28738.91,27370.53,1608.66757,27793.98
27793.4,27930.53,27461.63,993.04844,27729.82
27730.2,28401.86,26889.17,1332.39043,27721.21
27721.19,27748.45,26807.18,980.82967,27059.67
27064.87,27178.35,25904.27,1361.68546,26828.11
26837.31,27162.21,26722.12,511.79587,26907.75
26899.29,27312.07,26712.77,487.24807,27016.46
27016.18,27751.36,26812.63,838.94063,27258.28
27254.98,27381.6,26943.74,702.6256,27088.36
27090.82,27550.39,26626.95,694.94767,27462.71
27462.54,27527.97,26436.1,722.71902,26889.47
26891.7,27238.76,26700.43,732.82696,26948.81
26948.8,27209.99,26894.53,307.65796,27144.58
27144.58,27310.16,26682.26,583.93367,26808.26
26812.22,27137.34,26602.84,957.54571,26896.26
26899.57,27508.73,26839.37,1098.79629,27225.53
27226.79,27235.57,26159.92,1452.03006,26406.07
26400.14,26663.67,25948.83,1150.284,26505.37
26507.84,26999.11,26358.75,1040.46259,26792.87
26790.11,26954.4,26630.41,474.38429,26918.8
26921.53,28254.01,26836.12,878.72552,28069.46
28088.64,28433.17,27571.11,706.84695,27772.38
27774.8,28097.96,27615.59,707.95505,27763.73
27765.1,27903.4,26895.15,960.58362,27284.28
27281.39,27421.57,26685.98,966.02695,26891.35
26893.93,27353.82,26582.43,764.675,27305.06
27304.44,27382.34,26973.48,216.86069,27126.33
27126.5,27515.94,27013.94,274.13084,27173.32
27160.83,27181.4,25566.48,1206.29969,25878.16
25875.97,27429.14,25467.04,1231.90697,27319.97
27334.0,27472.54,26191.97,955.36094,26422.68
26422.38,26913.0,26293.19,674.47352,26580.87
26583.07,26853.52,26358.71,627.809,26551.16
26552.99,26600.29,25721.03,844.26719,26205.1
26205.46,26428.42,25963.81,453.99001,26158.81
26154.37,26271.16,25759.13,584.3506,26009.38
26012.36,26554.59,25838.66,797.09216,26055.83
26058.95,26197.56,24923.29,953.90839,25343.17
25339.77,25844.64,24840.56,1068.95935,25672.77
25672.28,26587.64,25229.08,1031.45178,26431.28
26427.89,26937.56,26255.8,504.57009,26595.81
26595.82,26802.57,26361.01,383.92827,26434.75
26436.12,27159.32,26331.93,936.96894,26948.99
26939.73,28467.65,26742.16,1483.46999,28366.07
28363.54,30841.01,28316.64,1867.71888,30060.33
30065.17,30569.41,29609.07,1151.33281,29954.27
29949.89,31475.06,29845.24,1224.88927,30796.14
30799.79,30889.57,30340.16,449.71983,30616.14
30612.73,31119.8,30325.47,528.08943,30540.23
30548.13,30742.34,29982.15,808.9672,30335.32
30327.22,31086.65,30287.04,731.52771,30771.86
30765.93,30788.18,29958.66,831.44337,30182.31
30180.46,30861.12,30134.12,848.30808,30532.77
30536.67,31291.2,29624.18,1686.80497,30466.14
30465.24,30733.58,30310.29,354.09066,30635.87
30638.04,30814.0,30183.2,501.34492,30631.09
30631.03,31431.07,30600.8,921.39664,31227.1
31222.62,31390.55,30710.15,752.73462,30865.35
30875.01,30945.04,30279.93,763.55827,30565.42
30563.82,31503.86,29958.23,1580.74667,29981.5
29971.24,30553.77,29805.92,1018.87781,30441.38
30441.17,30481.17,30129.07,301.71748,30396.92
30394.82,30562.79,30189.8,306.63337,30287.05
30291.64,31094.46,30063.33,975.32409,30469.39
30465.04,30882.68,30349.34,784.88976,30713.65
30715.21,31135.39,30315.42,971.55944,30487.45
30483.8,31875.47,30359.05,1540.3523,31534.5
31535.79,31699.52,30015.5,1172.60452,30408.13
30408.12,30518.28,30337.16,294.25322,30462.94
30462.88,30597.8,30214.38,461.31876,30381.17
30379.85,30457.04,29786.53,1052.68358,30256.34
30254.53,30357.95,29617.43,1075.52596,29956.17
29958.22,30261.38,29850.03,851.73495,30012.35
30010.78,30522.25,29668.61,843.38915,29895.68
29884.13,30154.71,29805.82,570.57836,30005.64
30006.75,30102.87,29736.9,265.15719,29899.41
29905.1,30481.13,29840.31,449.27201,30189.69
30186.09,30210.0,28981.95,1065.92592,29297.2
29298.36,29473.05,29163.5,657.6222,29328.33
29329.94,29792.47,29194.32,866.9838,29457.4
29458.22,29705.38,29191.64,470.75714,29326.19
29328.96,29639.6,29211.15,477.92058,29426.45
29425.96,29519.4,29376.2,177.39641,29494.06
29494.07,29596.73,29194.18,316.99922,29414.74
29413.26,29643.94,29220.29,579.3476,29336.82
29335.39,29815.66,28685.91,981.01577,29793.13
29793.71,30123.66,29002.93,820.79767,29260.38
29252.56,29500.97,28977.63,558.82788,29313.94
29308.69,29653.5,29195.12,784.525,29540.32
29541.48,29584.08,29373.92,271.73926,29489.8
29490.36,29589.53,29389.77,257.99333,29491.2
29495.75,29857.52,29134.19,830.90967,29753.69
29761.25,30789.16,29515.59,798.7333,30345.65
30343.32,30644.24,29938.6,534.69468,30190.05
30195.61,30242.04,29676.54,501.65102,29933.87
29930.65,30030.62,29725.49,333.50783,29880.19
29880.89,29920.01,29620.95,158.35772,29653.23
29652.47,29693.62,29454.24,164.08492,29586.59
29582.67,30086.0,29357.69,423.72495,29859.46
29856.49,29865.0,29274.2,516.92502,29405.2
29397.32,29455.91,28923.24,526.85525,28923.89
28921.11,28980.04,26083.68,1534.5672,26896.52
26893.03,27452.56,26221.18,1242.51355,26626.13
26622.16,26861.39,26302.24,489.01916,26574.21
26575.37,26733.08,26372.39,322.92402,26500.72
26503.36,26503.36,25984.96,621.68989,26246.68
26254.03,26260.52,25466.81,824.92347,26149.52
26153.93,26890.38,25923.26,832.26191,26500.57
26496.71,26640.38,25910.24,609.28891,26197.66
26199.0,26381.35,25849.66,602.40253,26128.35
26127.18,26207.41,26027.32,124.15098,26079.18
26078.26,26226.97,26030.55,102.519,26155.68
26157.53,26286.61,25913.84,322.09127,26119.35
26119.59,28176.84,25959.61,914.47712,27777.03
27773.06,27825.66,27093.29,598.79167,27366.34
27359.79,27606.2,25770.01,846.15041,26024.99
26029.21,26257.68,25449.11,529.07281,25881.97
25886.41,26047.16,25825.64,192.36201,25935.25
25934.51,26179.12,25834.88,191.45055,26050.18
26050.61,26185.79,25658.85,420.95576,25851.16
25852.82,25914.76,25606.03,437.12158,25827.99
25826.3,26042.09,25410.32,422.93025,25793.15
25792.91,26449.5,25639.41,544.95174,26274.6
26277.55,26476.08,25692.69,480.64447,25954.94
25954.43,25979.81,25838.1,135.45969,25943.73
25945.05,26092.01,25633.97,279.81322,25880.12
25883.97,25941.41,24962.49,1031.06646,25221.55
25220.46,26579.0,25179.71,1102.67202,25863.35
25871.5,26443.34,25812.23,508.69498,26266.98
26265.08,26873.05,26174.78,549.37223,26549.27
26555.04,26917.48,26256.33,329.35257,26639.26
26639.09,26805.78,26463.64,170.43737,26564.18
26563.89,26617.55,26366.15,139.54101,26533.43
26537.46,27439.86,26399.83,618.44437,26800.23
26801.27,27512.18,26688.07,568.34945,27245.26
27256.01,27431.19,26796.0,541.38104,27149.69
27149.56,27178.63,26398.8,478.95756,26591.02
26589.46,26741.44,26499.3,410.84837,26618.05
26618.05,26668.54,26550.94,134.95916,26615.34
26614.3,26771.34,26160.05,257.63396,26275.83
26271.06,26461.56,26002.92,522.43852,26312.59
26311.6,26416.98,26091.31,384.40801,26221.14
26223.22,26837.63,26095.86,615.20974,26366.45
26375.28,27312.72,26332.24,548.43945,27043.9
27049.07,27253.79,26674.6,422.83215,26924.06
26925.23,27111.65,26899.19,126.76103,26992.77
26992.77,28174.28,26984.19,261.13834,28015.69
28014.47,28593.08,27317.4,882.50802,27514.24
27506.75,27686.79,27198.5,533.21309,27445.32
27441.65,27852.83,27225.12,547.41075,27805.34
27802.68,28143.13,27378.56,377.35963,27433.89
27440.54,28312.74,27212.48,461.03678,27977.94
27975.33,28075.91,27890.78,97.38806,28015.44
28016.94,28149.63,27752.0,190.35489,27953.84
27963.94,28018.21,27268.88,493.56977,27610.34
27618.25,27757.39,27319.55,384.07669,27408.19
27412.76,27493.29,26540.46,393.47097,26895.93
26897.73,26957.75,26560.44,346.93969,26773.54
26772.54,27137.77,26694.88,421.66279,26873.77
26873.99,27002.33,26833.23,118.32236,26884.58
26884.5,27324.35,26844.58,205.82651,27178.12
27186.21,30127.39,27143.79,727.54801,28546.36
28544.83,28645.15,28086.69,533.54323,28431.71
28425.86,29002.75,28175.78,479.99976,28356.1
28354.14,28938.42,28145.63,467.67215,28758.69
28755.71,30248.48,28621.14,550.76028,29698.43
29702.52,30399.98,29500.06,197.13028,29957.78
29954.42,30273.72,29680.93,231.77889,30016.35
30023.98,35027.48,29910.99,894.54174,33068.29
33075.31,35263.55,32840.62,774.53336,33935.07
33934.59,35167.15,33708.3,478.5171,34538.48
34534.23,34837.12,33753.69,384.45141,34183.18
34180.29,34269.78,33421.57,419.10198,33898.81
33898.81,34494.64,33856.98,146.93647,34127.04
34126.07,34823.68,33978.24,242.03149,34595.79
34598.83,34872.21,34115.6,557.29572,34525.72
34521.46,34743.45,34052.7,436.56368,34686.1
34678.87,35635.75,34111.67,471.18959,35484.41
35497.61,36023.19,34344.02,468.5455,34991.03
34994.73,34999.79,34154.39,393.99784,34786.55
34785.28,35350.61,34656.72,141.93769,35152.37
35148.99,35428.6,34512.55,215.54686,35061.29
35050.75,35327.34,34755.69,250.88667,35062.14
35066.21,35901.74,34544.3,381.52372,35430.89
35441.13,36136.15,35128.25,379.71201,35674.11
35678.36,38028.73,35583.57,832.53321,36732.35
36728.52,37599.21,36357.06,357.31811,37361.67
37374.79,37471.42,36770.67,190.07323,37228.25
37235.36,37312.87,36843.06,152.20377,37133.36
37144.09,37484.26,36373.88,327.21222,36493.97
36507.63,36790.51,34843.49,528.21481,35612.7
35599.17,38017.44,35413.65,584.7678,37922.95
37923.92,37991.68,35517.73,450.98345,36226.25
36225.54,36860.3,35890.58,471.53795,36678.51
36687.0,36965.85,36278.08,155.13581,36686.05
36696.79,37535.94,36484.25,219.99914,37388.4
37389.46,37814.89,36764.38,382.90985,37498.1
37502.23,37671.59,35777.69,419.05344,35777.69
35784.62,37892.53,35682.98,410.55477,37413.26
37426.79,37668.36,36942.34,237.04773,37299.25
37302.79,38436.74,37260.45,292.78358,37717.08
37729.41,37851.7,37386.09,88.26153,37672.88
37680.15,37731.62,36928.99,116.93861,37399.4
37415.0,37536.55,36741.55,200.42685,37273.66
37283.65,38385.38,36888.72,300.31355,37843.01
37850.73,38489.86,37582.69,267.28301,37880.56
37877.11,38166.7,37530.33,260.22185,37739.55
37755.83,39002.62,37656.02,327.86248,38721.19
38719.77,39753.39,38675.6,184.0435,39498.87
39496.92,40283.01,39311.57,187.28613,39985.86
39987.21,42441.1,39983.29,669.12221,42030.65
42031.89,44530.57,41386.43,627.03088,44110.11
44129.69,44327.96,43423.8,491.18032,43792.52
43807.56,44080.41,42832.71,433.569,43322.21
43329.85,44747.01,40280.25,457.76306,44237.47
44252.01,44439.65,43647.52,130.79773,43786.46
43799.57,44108.84,43604.53,127.38022,43831.67
43844.37,43847.55,40216.03,555.23747,41288.0
41287.04,42128.88,40691.31,359.82282,41512.06
41524.95,43557.13,40626.67,400.46392,42956.27
42960.25,43431.63,41636.38,317.01659,43040.38
43041.14,43106.8,41716.6,236.7236,41958.22
41986.51,42670.17,41684.45,142.51271,42210.7
42225.86,42304.69,41247.43,209.59922,41362.0
41373.36,42737.3,40541.42,289.23886,42642.44
42644.81,43406.99,41815.02,266.41336,42269.1
42278.36,44267.59,42210.98,320.5225,43688.22
43694.92,44277.62,43321.91,462.78987,43891.28
43897.71,44442.08,43483.81,296.79007,44070.06
44080.33,44096.13,43356.01,167.7016,43982.75
43982.72,44228.21,42974.1,150.40807,43403.44
43393.02,44088.51,43078.92,138.34561,43746.17
43753.31,43763.41,41701.25,293.25234,42581.84
42583.37,43734.22,42166.67,308.24813,43480.75
43491.3,43884.68,42318.16,231.30673,42661.6
42657.74,43199.73,41445.44,513.3124,42199.49
42196.32,42744.81,41665.58,147.17255,42307.28
42306.65,43001.71,42124.78,156.29004,42408.19
42409.76,44292.85,42332.33,187.75262,44269.58
44277.43,45941.3,44241.37,458.23221,45016.87
45044.76,45557.03,41498.66,675.63593,43028.33
43026.89,44860.96,42791.49,560.91742,44263.69
44273.91,44438.76,42677.97,517.90345,44264.01
44295.45,44361.13,43599.2,182.8829,44124.89
44122.56,44707.54,43746.4,212.10749,44055.41
44060.63,47353.04,43271.77,645.57597,47018.88
47023.69,48033.38,45016.36,614.80628,46193.03
46192.23,47773.38,44390.17,801.18226,46715.83
46742.44,49022.57,45694.96,586.93271,46422.16
46421.01,46576.32,41659.38,530.39979,42906.64
42919.48,43455.78,42569.73,180.35107,42996.2
43006.06,43254.78,41782.82,178.19547,41792.51
41792.89,43402.43,41768.33,380.19673,42526.01
42534.91,43600.14,42108.82,320.17317,43187.86
43179.34,43233.01,42221.84,302.25093,42795.42
42792.67,42923.24,40654.06,483.7911,41334.22
41341.55,42182.52,40288.64,440.24899,41685.85
41690.53,41978.88,41444.71,179.85454,41740.42
41751.7,41936.46,41526.98,103.41474,41606.69
41613.59,41701.09,39442.45,537.3898,39573.68
39566.12,40181.21,38542.17,550.41447,39938.68
39938.28,40567.06,39515.43,505.53893,40088.87
40082.61,40313.21,39558.56,313.52039,39981.95
39975.84,42249.2,39850.77,473.88296,41853.4
41858.45,42299.45,41425.16,110.04092,42231.48
42231.49,42896.59,41654.93,238.93601,42061.92
42053.21,43342.8,41834.91,330.28956,43331.44
43330.64,43895.58,42727.86,342.99577,42979.28
42982.73,43762.18,42303.46,521.86661,42581.86
42571.48,43299.59,41855.19,396.28664,43111.82
43115.46,43480.55,42351.03,272.25016,43164.09
43159.28,43340.45,42855.57,84.7731,43014.56
43024.5,43130.25,42274.06,126.64002,42623.1
42608.68,43546.22,42279.78,292.91185,42678.45
42685.21,43374.2,42547.07,202.03452,43066.96
43084.94,44414.61,42764.46,299.24217,44318.74
44330.08,45621.31,44314.01,265.64675,45328.75
45330.59,48176.08,45270.31,544.72698,47103.48
47103.4,48045.04,46776.39,279.56528,47662.7
47664.36,48357.72,47442.32,271.36221,48162.32
48176.13,50320.27,47582.14,412.78447,49842.57
49844.89,50304.2,48299.48,384.74697,49710.45
49716.7,52067.57,49258.1,431.24663,51890.11
51892.52,52868.25,51384.64,389.6593,51946.78
51942.18,52637.25,51608.62,275.99902,52181.22
52181.22,52218.81,50588.16,186.57298,51696.61
51696.61,52403.08,51212.88,149.84993,52177.55
52181.67,52509.23,51694.09,168.13143,51812.01
51817.57,53026.06,50815.93,351.35612,52284.83
52278.85,52399.27,50682.73,238.66122,51899.13
51897.2,52107.78,50960.33,229.44529,51320.42
51325.69,51571.22,50557.4,247.72024,50762.59
50777.64,51698.47,50606.52,179.86073,51539.58
51539.58,51930.24,51271.33,99.98363,51693.27
51696.9,54896.93,50943.77,416.21988,54462.79
54466.8,57607.28,54425.56,573.87567,57041.98
57037.29,64005.75,56708.79,1314.51976,62396.64
62395.01,63461.17,60045.51,627.86585,60804.82
60723.69,63127.94,60618.96,331.78766,62401.18
62412.35,62466.76,61556.35,186.66372,62022.06
62024.47,63252.6,61328.56,189.67269,63141.16
63130.03,68550.54,62189.11,847.713112,68201.21
68226.33,69022.8,57472.19,1139.0618,63839.03
63847.51,67715.36,62868.62,714.6789,66169.48
66176.29,68088.97,65625.43,416.60686,66977.53
66976.0,70075.98,66198.24,549.29015,68314.92
68317.11,68703.76,68051.3,189.32364,68445.61
68448.45,69976.75,68111.68,314.81289,69057.62
69043.61,72608.69,67100.82,761.884233,71401.12
71403.54,72621.49,68241.25,641.95622,71492.02
71483.95,73573.03,71359.38,415.9601,73155.34
73176.99,73808.39,68554.53,598.90993,71434.22
71430.29,72436.87,65495.0,685.40152,69602.55
69621.85,70155.31,64908.79,315.17555,65436.78
65433.18,68989.97,64651.78,376.96286,68498.07
68496.18,68987.82,66637.49,310.45425,67652.15
67674.37,68172.64,61559.12,877.81496,61993.49
61976.3,68239.86,60805.27,720.79018,67997.47
67981.36,68310.02,64574.72,438.52225,65555.44
65560.97,66612.15,62326.48,390.1373,63865.65
63881.49,66082.5,63037.66,201.88279,64093.59
64054.77,67664.74,63853.16,197.83813,67223.83
67263.2,71154.1,66412.85,419.23772,69753.35
69774.93,71566.04,69370.23,269.45322,70068.36
70061.01,71819.44,68386.82,395.89379,69531.94
69532.97,71562.85,68893.83,238.961,70785.72
70812.9,70915.41,69110.41,196.52897,70033.5
70033.51,70409.86,69632.54,121.17451,69721.95
69711.21,71439.73,69690.59,118.97783,71389.65
71367.87,71386.11,68088.76,269.47002,69742.52
69698.43,69708.15,64589.76,683.69876,65591.71
65610.09,67026.4,64618.68,391.59381,66056.65
66079.03,69384.41,65171.84,378.06087,68573.06
68594.75,68847.85,66028.43,336.51584,67921.17
67926.89,69770.84,67560.34,110.25852,68978.86
68991.6,70400.14,68902.73,185.79112,69420.17
69414.39,72576.39,69087.92,330.68556,71316.56
71327.77,71430.75,68260.97,368.38635,69216.48
69198.71,70901.16,67192.88,295.60161,70306.15
70303.23,71135.44,69499.32,273.94966,70010.17
70002.08,71127.72,65133.32,447.71112,67427.86
67422.47,68449.81,61596.92,847.83843,64881.43
64907.85,66315.88,62685.63,742.47484,66011.22
66014.86,67086.61,62385.61,508.53495,63452.72
63484.43,64427.45,61704.59,480.32757,63884.89
63882.55,64565.78,59771.14,426.60101,61352.21
61354.03,64266.8,60876.5,285.53089,63574.18
63569.99,65587.92,59686.31,454.35352,63920.08
63920.27,65627.94,63209.92,111.58932,65161.79
65160.62,65890.16,64346.96,112.24805,65066.62
65066.76,67300.3,64593.44,250.57125,66879.43
66877.98,67250.71,65874.06,211.6613,66498.09
66490.09,67122.23,63623.39,293.66202,64332.51
64338.51,65318.35,62843.9,306.72548,64561.98
64550.87,64828.42,63358.75,198.60148,63778.86
63814.43,63961.0,62463.83,111.66024,63545.36
63559.34,64467.37,62814.33,79.57772,63165.59
63186.65,64223.48,61805.91,230.85738,63876.1
63889.7,64724.63,58913.82,426.37436,60674.53
60673.95,60820.28,56551.26,463.40521,58462.07
58464.33,59677.35,56998.68,385.26232,59141.57
59142.67,63387.8,58898.71,359.82359,62937.94
